name,type1,is_legendary,attack,defense,hp,sp_attack,sp_defense,speed,max,min,diff,strategy
Bulbasaur,poison,0,24.0,20.0,17.0,30.0,21.0,23.0,30.0,17.0,13.0,balanced
Bulbasaur,grass,0,24.0,20.0,17.0,30.0,21.0,23.0,30.0,17.0,13.0,balanced
Ivysaur,poison,0,32.0,26.0,23.0,38.0,29.0,31.0,38.0,23.0,15.0,balanced
Ivysaur,grass,0,32.0,26.0,23.0,38.0,29.0,31.0,38.0,23.0,15.0,balanced
Venusaur,poison,0,53.0,52.0,31.0,61.0,48.0,43.0,61.0,31.0,30.0,mixed
Venusaur,grass,0,53.0,52.0,31.0,61.0,48.0,43.0,61.0,31.0,30.0,mixed
Charmander,fire,0,26.0,17.0,15.0,27.0,14.0,34.0,34.0,14.0,20.0,balanced
Charmeleon,fire,0,33.0,24.0,22.0,38.0,21.0,43.0,43.0,21.0,22.0,balanced
Charizard,flying,0,55.0,32.0,30.0,81.0,45.0,54.0,81.0,30.0,51.0,specialist
Charizard,fire,0,55.0,32.0,30.0,81.0,45.0,54.0,81.0,30.0,51.0,specialist
Squirtle,water,0,24.0,27.0,17.0,22.0,21.0,22.0,27.0,17.0,10.0,balanced
Wartortle,water,0,32.0,33.0,23.0,30.0,29.0,30.0,33.0,23.0,10.0,balanced
Blastoise,water,0,54.0,51.0,31.0,68.0,45.0,42.0,68.0,31.0,37.0,mixed
Caterpie,bug,0,14.0,13.0,17.0,5.0,0.0,23.0,23.0,0.0,23.0,balanced
Metapod,bug,0,8.0,22.0,19.0,8.0,2.0,14.0,22.0,2.0,20.0,balanced
Butterfree,flying,0,22.0,20.0,23.0,43.0,29.0,37.0,43.0,20.0,23.0,balanced
Butterfree,bug,0,22.0,20.0,23.0,43.0,29.0,37.0,43.0,20.0,23.0,balanced
Weedle,poison,0,17.0,11.0,15.0,5.0,0.0,26.0,26.0,0.0,26.0,mixed
Weedle,bug,0,17.0,11.0,15.0,5.0,0.0,26.0,26.0,0.0,26.0,mixed
Kakuna,poison,0,11.0,20.0,17.0,8.0,2.0,17.0,20.0,2.0,18.0,balanced
Kakuna,bug,0,11.0,20.0,17.0,8.0,2.0,17.0,20.0,2.0,18.0,balanced
Beedrill,poison,0,81.0,16.0,25.0,3.0,29.0,80.0,81.0,3.0,78.0,specialist
Beedrill,bug,0,81.0,16.0,25.0,3.0,29.0,80.0,81.0,3.0,78.0,specialist
Pidgey,flying,0,22.0,16.0,15.0,14.0,7.0,29.0,29.0,7.0,22.0,balanced
Pidgey,normal,0,22.0,16.0,15.0,14.0,7.0,29.0,29.0,7.0,22.0,balanced
Pidgeotto,flying,0,31.0,22.0,24.0,22.0,14.0,38.0,38.0,14.0,24.0,balanced
Pidgeotto,normal,0,31.0,22.0,24.0,22.0,14.0,38.0,38.0,14.0,24.0,balanced
Pidgeot,flying,0,42.0,33.0,32.0,68.0,29.0,66.0,68.0,29.0,39.0,mixed
Pidgeot,normal,0,42.0,33.0,32.0,68.0,29.0,66.0,68.0,29.0,39.0,mixed
Rattata,dark,0,28.0,13.0,11.0,8.0,7.0,38.0,38.0,7.0,31.0,mixed
Rattata,normal,0,28.0,13.0,11.0,8.0,7.0,38.0,38.0,7.0,31.0,mixed
Raticate,dark,0,37.0,29.0,29.0,16.0,29.0,41.0,41.0,16.0,25.0,mixed
Raticate,normal,0,37.0,29.0,29.0,16.0,29.0,41.0,41.0,16.0,25.0,mixed
Spearow,flying,0,31.0,11.0,15.0,11.0,5.0,37.0,37.0,5.0,32.0,mixed
Spearow,normal,0,31.0,11.0,15.0,11.0,5.0,37.0,37.0,5.0,32.0,mixed
Fearow,flying,0,47.0,27.0,25.0,28.0,20.0,54.0,54.0,20.0,34.0,mixed
Fearow,normal,0,47.0,27.0,25.0,28.0,20.0,54.0,54.0,20.0,34.0,mixed
Ekans,poison,0,31.0,17.0,13.0,16.0,16.0,29.0,31.0,13.0,18.0,balanced
Arbok,poison,0,50.0,28.0,23.0,30.0,28.0,43.0,50.0,23.0,27.0,mixed
Pikachu,electric,0,28.0,16.0,13.0,22.0,14.0,49.0,49.0,13.0,36.0,mixed
Raichu,electric,0,44.0,20.0,23.0,46.0,31.0,60.0,60.0,20.0,40.0,specialist
Sandshrew,ice,0,39.0,38.0,19.0,0.0,7.0,20.0,39.0,0.0,39.0,mixed
Sandshrew,ground,0,39.0,38.0,19.0,0.0,7.0,20.0,39.0,0.0,39.0,mixed
Sandslash,ice,0,53.0,51.0,29.0,8.0,21.0,34.0,53.0,8.0,45.0,specialist
Sandslash,ground,0,53.0,51.0,29.0,8.0,21.0,34.0,53.0,8.0,45.0,specialist
Nidoran♀,poison,0,23.0,21.0,21.0,16.0,10.0,21.0,23.0,10.0,13.0,balanced
Nidorina,poison,0,32.0,28.0,27.0,24.0,17.0,29.0,32.0,17.0,15.0,balanced
Nidoqueen,ground,0,48.0,36.0,35.0,35.0,31.0,41.0,48.0,31.0,17.0,balanced
Nidoqueen,poison,0,48.0,36.0,35.0,35.0,31.0,41.0,48.0,31.0,17.0,balanced
Nidoran♂,poison,0,29.0,16.0,18.0,16.0,10.0,26.0,29.0,10.0,19.0,balanced
Nidorino,poison,0,37.0,23.0,24.0,24.0,17.0,34.0,37.0,17.0,20.0,balanced
Nidoking,ground,0,54.0,32.0,31.0,41.0,26.0,46.0,54.0,26.0,28.0,mixed
Nidoking,poison,0,54.0,32.0,31.0,41.0,26.0,46.0,54.0,26.0,28.0,mixed
Clefairy,fairy,0,22.0,19.0,27.0,27.0,21.0,17.0,27.0,17.0,10.0,balanced
Clefable,fairy,0,36.0,30.0,37.0,46.0,33.0,31.0,46.0,30.0,16.0,balanced
Vulpix,ice,0,20.0,16.0,15.0,22.0,21.0,34.0,34.0,15.0,19.0,balanced
Vulpix,fire,0,20.0,16.0,15.0,22.0,21.0,34.0,34.0,15.0,19.0,balanced
Ninetales,ice,0,34.0,31.0,28.0,39.0,38.0,59.0,59.0,28.0,31.0,mixed
Ninetales,fire,0,34.0,31.0,28.0,39.0,38.0,59.0,59.0,28.0,31.0,mixed
Jigglypuff,fairy,0,22.0,7.0,45.0,19.0,2.0,9.0,45.0,2.0,43.0,specialist
Jigglypuff,normal,0,22.0,7.0,45.0,19.0,2.0,9.0,45.0,2.0,43.0,specialist
Wigglytuff,fairy,0,36.0,18.0,55.0,41.0,14.0,23.0,55.0,14.0,41.0,specialist
Wigglytuff,normal,0,36.0,18.0,55.0,41.0,14.0,23.0,55.0,14.0,41.0,specialist
Zubat,flying,0,22.0,13.0,15.0,11.0,10.0,29.0,29.0,10.0,19.0,balanced
Zubat,poison,0,22.0,13.0,15.0,11.0,10.0,29.0,29.0,10.0,19.0,balanced
Golbat,flying,0,42.0,29.0,29.0,30.0,26.0,49.0,49.0,26.0,23.0,balanced
Golbat,poison,0,42.0,29.0,29.0,30.0,26.0,49.0,49.0,26.0,23.0,balanced
Oddish,poison,0,25.0,22.0,17.0,35.0,21.0,14.0,35.0,14.0,21.0,balanced
Oddish,grass,0,25.0,22.0,17.0,35.0,21.0,14.0,35.0,14.0,21.0,balanced
Gloom,poison,0,33.0,29.0,23.0,41.0,26.0,20.0,41.0,20.0,21.0,balanced
Gloom,grass,0,33.0,29.0,23.0,41.0,26.0,20.0,41.0,20.0,21.0,balanced
Vileplume,poison,0,42.0,36.0,29.0,54.0,33.0,26.0,54.0,26.0,28.0,mixed
Vileplume,grass,0,42.0,36.0,29.0,54.0,33.0,26.0,54.0,26.0,28.0,mixed
Paras,grass,0,36.0,22.0,13.0,19.0,17.0,11.0,36.0,11.0,25.0,mixed
Paras,bug,0,36.0,22.0,13.0,19.0,17.0,11.0,36.0,11.0,25.0,mixed
Parasect,grass,0,50.0,33.0,23.0,27.0,29.0,14.0,50.0,14.0,36.0,mixed
Parasect,bug,0,50.0,33.0,23.0,27.0,29.0,14.0,50.0,14.0,36.0,mixed
Venonat,poison,0,28.0,20.0,23.0,16.0,17.0,23.0,28.0,16.0,12.0,balanced
Venonat,bug,0,28.0,20.0,23.0,16.0,17.0,23.0,28.0,16.0,12.0,balanced
Venomoth,poison,0,33.0,24.0,27.0,43.0,26.0,49.0,49.0,24.0,25.0,mixed
Venomoth,bug,0,33.0,24.0,27.0,43.0,26.0,49.0,49.0,24.0,25.0,mixed
Diglett,ground,0,28.0,11.0,4.0,14.0,12.0,49.0,49.0,4.0,45.0,specialist
Dugtrio,ground,0,53.0,24.0,13.0,22.0,24.0,60.0,60.0,13.0,47.0,specialist
Meowth,dark,0,17.0,13.0,15.0,22.0,10.0,49.0,49.0,10.0,39.0,mixed
Meowth,normal,0,17.0,13.0,15.0,22.0,10.0,49.0,49.0,10.0,39.0,mixed
Persian,dark,0,31.0,24.0,25.0,35.0,21.0,63.0,63.0,21.0,42.0,specialist
Persian,normal,0,31.0,24.0,25.0,35.0,21.0,63.0,63.0,21.0,42.0,specialist
Psyduck,water,0,26.0,19.0,19.0,30.0,14.0,29.0,30.0,14.0,16.0,balanced
Golduck,water,0,43.0,32.0,31.0,46.0,29.0,46.0,46.0,29.0,17.0,balanced
Mankey,fighting,0,42.0,13.0,15.0,14.0,12.0,37.0,42.0,12.0,30.0,mixed
Primeape,fighting,0,56.0,24.0,25.0,27.0,24.0,51.0,56.0,24.0,32.0,mixed
Growlithe,fire,0,36.0,18.0,21.0,33.0,14.0,31.0,36.0,14.0,22.0,balanced
Arcanine,fire,0,58.0,33.0,35.0,49.0,29.0,51.0,58.0,29.0,29.0,mixed
Poliwag,water,0,25.0,16.0,15.0,16.0,10.0,49.0,49.0,10.0,39.0,mixed
Poliwhirl,water,0,33.0,27.0,25.0,22.0,14.0,49.0,49.0,14.0,35.0,mixed
Poliwrath,fighting,0,50.0,40.0,35.0,33.0,33.0,37.0,50.0,33.0,17.0,balanced
Poliwrath,water,0,50.0,40.0,35.0,33.0,33.0,37.0,50.0,33.0,17.0,balanced
Abra,psychic,0,8.0,4.0,9.0,52.0,17.0,49.0,52.0,4.0,48.0,specialist
Kadabra,psychic,0,17.0,11.0,15.0,60.0,24.0,57.0,60.0,11.0,49.0,specialist
Alakazam,psychic,0,25.0,27.0,21.0,90.0,40.0,83.0,90.0,21.0,69.0,specialist
Machop,fighting,0,42.0,20.0,27.0,14.0,7.0,17.0,42.0,7.0,35.0,mixed
Machoke,fighting,0,53.0,29.0,31.0,22.0,19.0,23.0,53.0,19.0,34.0,mixed
Machamp,fighting,0,69.0,33.0,35.0,30.0,31.0,29.0,69.0,29.0,40.0,specialist
Bellsprout,poison,0,39.0,13.0,19.0,33.0,5.0,20.0,39.0,5.0,34.0,mixed
Bellsprout,grass,0,39.0,13.0,19.0,33.0,5.0,20.0,39.0,5.0,34.0,mixed
Weepinbell,poison,0,47.0,20.0,25.0,41.0,12.0,29.0,47.0,12.0,35.0,mixed
Weepinbell,grass,0,47.0,20.0,25.0,41.0,12.0,29.0,47.0,12.0,35.0,mixed
Victreebel,poison,0,56.0,27.0,31.0,49.0,24.0,37.0,56.0,24.0,32.0,mixed
Victreebel,grass,0,56.0,27.0,31.0,49.0,24.0,37.0,56.0,24.0,32.0,mixed
Tentacool,poison,0,19.0,13.0,15.0,22.0,38.0,37.0,38.0,13.0,25.0,mixed
Tentacool,water,0,19.0,13.0,15.0,22.0,38.0,37.0,38.0,13.0,25.0,mixed
Tentacruel,poison,0,36.0,27.0,31.0,38.0,48.0,54.0,54.0,27.0,27.0,mixed
Tentacruel,water,0,36.0,27.0,31.0,38.0,48.0,54.0,54.0,27.0,27.0,mixed
Geodude,ground,0,42.0,42.0,15.0,11.0,5.0,9.0,42.0,5.0,37.0,mixed
Geodude,rock,0,42.0,42.0,15.0,11.0,5.0,9.0,42.0,5.0,37.0,mixed
Graveler,ground,0,50.0,49.0,21.0,19.0,12.0,17.0,50.0,12.0,38.0,mixed
Graveler,rock,0,50.0,49.0,21.0,19.0,12.0,17.0,50.0,12.0,38.0,mixed
Golem,ground,0,64.0,56.0,31.0,24.0,21.0,23.0,64.0,21.0,43.0,specialist
Golem,rock,0,64.0,56.0,31.0,24.0,21.0,23.0,64.0,21.0,43.0,specialist
Ponyta,fire,0,44.0,22.0,19.0,30.0,21.0,49.0,49.0,19.0,30.0,mixed
Rapidash,fire,0,53.0,29.0,25.0,38.0,29.0,57.0,57.0,25.0,32.0,mixed
Slowpoke,psychic,0,33.0,27.0,35.0,16.0,10.0,6.0,35.0,6.0,29.0,mixed
Slowpoke,water,0,33.0,27.0,35.0,16.0,10.0,6.0,35.0,6.0,29.0,mixed
Slowbro,psychic,0,39.0,78.0,37.0,65.0,29.0,14.0,78.0,14.0,64.0,specialist
Slowbro,water,0,39.0,78.0,37.0,65.0,29.0,14.0,78.0,14.0,64.0,specialist
Magnemite,steel,0,17.0,29.0,9.0,46.0,17.0,23.0,46.0,9.0,37.0,mixed
Magnemite,electric,0,17.0,29.0,9.0,46.0,17.0,23.0,46.0,9.0,37.0,mixed
Magneton,steel,0,31.0,40.0,19.0,60.0,24.0,37.0,60.0,19.0,41.0,specialist
Magneton,electric,0,31.0,40.0,19.0,60.0,24.0,37.0,60.0,19.0,41.0,specialist
Farfetch'd,flying,0,47.0,22.0,20.0,26.0,20.0,31.0,47.0,20.0,27.0,mixed
Farfetch'd,normal,0,47.0,22.0,20.0,26.0,20.0,31.0,47.0,20.0,27.0,mixed
Doduo,flying,0,44.0,18.0,13.0,14.0,7.0,40.0,44.0,7.0,37.0,mixed
Doduo,normal,0,44.0,18.0,13.0,14.0,7.0,40.0,44.0,7.0,37.0,mixed
Dodrio,flying,0,58.0,29.0,23.0,27.0,19.0,60.0,60.0,19.0,41.0,specialist
Dodrio,normal,0,58.0,29.0,23.0,27.0,19.0,60.0,60.0,19.0,41.0,specialist
Seel,water,0,22.0,22.0,25.0,19.0,24.0,23.0,25.0,19.0,6.0,balanced
Dewgong,ice,0,36.0,33.0,35.0,33.0,36.0,37.0,37.0,33.0,4.0,balanced
Dewgong,water,0,36.0,33.0,35.0,33.0,36.0,37.0,37.0,33.0,4.0,balanced
Grimer,poison,0,42.0,20.0,31.0,16.0,14.0,11.0,42.0,11.0,31.0,mixed
Muk,poison,0,56.0,31.0,41.0,30.0,38.0,26.0,56.0,26.0,30.0,mixed
Shellder,water,0,33.0,42.0,11.0,19.0,2.0,20.0,42.0,2.0,40.0,specialist
Cloyster,ice,0,50.0,78.0,19.0,41.0,12.0,37.0,78.0,12.0,66.0,specialist
Cloyster,water,0,50.0,78.0,19.0,41.0,12.0,37.0,78.0,12.0,66.0,specialist
Gastly,poison,0,17.0,11.0,11.0,49.0,7.0,43.0,49.0,7.0,42.0,specialist
Gastly,ghost,0,17.0,11.0,11.0,49.0,7.0,43.0,49.0,7.0,42.0,specialist
Haunter,poison,0,25.0,18.0,17.0,57.0,17.0,51.0,57.0,17.0,40.0,specialist
Haunter,ghost,0,25.0,18.0,17.0,57.0,17.0,51.0,57.0,17.0,40.0,specialist
Gengar,poison,0,33.0,33.0,23.0,87.0,36.0,71.0,87.0,23.0,64.0,specialist
Gengar,ghost,0,33.0,33.0,23.0,87.0,36.0,71.0,87.0,23.0,64.0,specialist
Onix,ground,0,22.0,69.0,13.0,11.0,12.0,37.0,69.0,11.0,58.0,specialist
Onix,rock,0,22.0,69.0,13.0,11.0,12.0,37.0,69.0,11.0,58.0,specialist
Drowzee,psychic,0,24.0,18.0,23.0,18.0,33.0,21.0,33.0,18.0,15.0,balanced
Hypno,psychic,0,38.0,29.0,33.0,34.0,45.0,35.0,45.0,29.0,16.0,balanced
Krabby,water,0,56.0,38.0,11.0,8.0,2.0,26.0,56.0,2.0,54.0,specialist
Kingler,water,0,69.0,49.0,21.0,22.0,14.0,40.0,69.0,14.0,55.0,specialist
Voltorb,electric,0,14.0,20.0,15.0,24.0,17.0,54.0,54.0,14.0,40.0,specialist
Electrode,electric,0,25.0,29.0,23.0,38.0,29.0,83.0,83.0,23.0,60.0,specialist
Exeggcute,psychic,0,19.0,33.0,23.0,27.0,12.0,20.0,33.0,12.0,21.0,balanced
Exeggcute,grass,0,19.0,33.0,23.0,27.0,12.0,20.0,33.0,12.0,21.0,balanced
Exeggutor,psychic,0,56.0,36.0,37.0,62.0,26.0,23.0,62.0,23.0,39.0,mixed
Exeggutor,grass,0,56.0,36.0,37.0,62.0,26.0,23.0,62.0,23.0,39.0,mixed
Cubone,ground,0,25.0,40.0,19.0,16.0,14.0,17.0,40.0,14.0,26.0,mixed
Marowak,fire,0,42.0,47.0,23.0,22.0,29.0,23.0,47.0,22.0,25.0,mixed
Marowak,ground,0,42.0,47.0,23.0,22.0,29.0,23.0,47.0,22.0,25.0,mixed
Hitmonlee,fighting,0,64.0,21.0,19.0,14.0,43.0,47.0,64.0,14.0,50.0,specialist
Hitmonchan,fighting,0,56.0,33.0,19.0,14.0,43.0,41.0,56.0,14.0,42.0,specialist
Lickitung,normal,0,28.0,31.0,35.0,27.0,26.0,14.0,35.0,14.0,21.0,balanced
Koffing,poison,0,33.0,40.0,15.0,27.0,12.0,17.0,40.0,12.0,28.0,mixed
Weezing,poison,0,47.0,51.0,25.0,41.0,24.0,31.0,51.0,24.0,27.0,mixed
Rhyhorn,rock,0,44.0,40.0,31.0,11.0,5.0,11.0,44.0,5.0,39.0,mixed
Rhyhorn,ground,0,44.0,40.0,31.0,11.0,5.0,11.0,44.0,5.0,39.0,mixed
Rhydon,rock,0,69.0,51.0,41.0,19.0,12.0,20.0,69.0,12.0,57.0,specialist
Rhydon,ground,0,69.0,51.0,41.0,19.0,12.0,20.0,69.0,12.0,57.0,specialist
Chansey,normal,0,0.0,0.0,98.0,14.0,40.0,26.0,98.0,0.0,98.0,specialist
Tangela,grass,0,28.0,49.0,25.0,49.0,10.0,31.0,49.0,10.0,39.0,mixed
Kangaskhan,normal,0,67.0,42.0,41.0,27.0,38.0,54.0,67.0,27.0,40.0,specialist
Horsea,water,0,19.0,29.0,11.0,33.0,2.0,31.0,33.0,2.0,31.0,mixed
Seadra,water,0,33.0,40.0,21.0,46.0,12.0,46.0,46.0,12.0,34.0,mixed
Goldeen,water,0,34.0,24.0,17.0,14.0,14.0,33.0,34.0,14.0,20.0,balanced
Seaking,water,0,48.0,27.0,31.0,30.0,29.0,36.0,48.0,27.0,21.0,balanced
Staryu,water,0,22.0,22.0,11.0,33.0,17.0,46.0,46.0,11.0,35.0,mixed
Starmie,psychic,0,39.0,36.0,23.0,49.0,31.0,63.0,63.0,23.0,40.0,specialist
Starmie,water,0,39.0,36.0,23.0,49.0,31.0,63.0,63.0,23.0,40.0,specialist
Mr. Mime,fairy,0,22.0,27.0,15.0,49.0,48.0,49.0,49.0,15.0,34.0,mixed
Mr. Mime,psychic,0,22.0,27.0,15.0,49.0,48.0,49.0,49.0,15.0,34.0,mixed
Scyther,flying,0,58.0,33.0,27.0,24.0,29.0,57.0,58.0,24.0,34.0,mixed
Scyther,bug,0,58.0,33.0,27.0,24.0,29.0,57.0,58.0,24.0,34.0,mixed
Jynx,psychic,0,25.0,13.0,25.0,57.0,36.0,51.0,57.0,13.0,44.0,specialist
Jynx,ice,0,25.0,13.0,25.0,57.0,36.0,51.0,57.0,13.0,44.0,specialist
Electabuzz,electric,0,43.0,23.0,25.0,46.0,31.0,57.0,57.0,23.0,34.0,mixed
Magmar,fire,0,50.0,23.0,25.0,49.0,31.0,50.0,50.0,23.0,27.0,mixed
Pinsir,bug,0,83.0,51.0,25.0,30.0,33.0,57.0,83.0,25.0,58.0,specialist
Tauros,normal,0,53.0,40.0,29.0,16.0,24.0,60.0,60.0,16.0,44.0,specialist
Magikarp,water,0,3.0,22.0,7.0,3.0,0.0,43.0,43.0,0.0,43.0,specialist
Gyarados,flying,0,83.0,46.0,37.0,33.0,52.0,43.0,83.0,33.0,50.0,specialist
Gyarados,water,0,83.0,46.0,37.0,33.0,52.0,43.0,83.0,33.0,50.0,specialist
Lapras,ice,0,44.0,33.0,51.0,41.0,36.0,31.0,51.0,31.0,20.0,balanced
Lapras,water,0,44.0,33.0,51.0,41.0,36.0,31.0,51.0,31.0,20.0,balanced
Ditto,normal,0,24.0,19.0,19.0,21.0,13.0,25.0,25.0,13.0,12.0,balanced
Eevee,normal,0,28.0,20.0,21.0,19.0,21.0,29.0,29.0,19.0,10.0,balanced
Vaporeon,water,0,33.0,24.0,51.0,54.0,36.0,34.0,54.0,24.0,30.0,mixed
Jolteon,electric,0,33.0,24.0,25.0,54.0,36.0,71.0,71.0,24.0,47.0,specialist
Flareon,fire,0,69.0,24.0,25.0,46.0,43.0,34.0,69.0,24.0,45.0,specialist
Porygon,normal,0,31.0,29.0,25.0,41.0,26.0,20.0,41.0,20.0,21.0,balanced
Omanyte,water,0,19.0,42.0,13.0,43.0,17.0,17.0,43.0,13.0,30.0,mixed
Omanyte,rock,0,19.0,42.0,13.0,43.0,17.0,17.0,43.0,13.0,30.0,mixed
Omastar,water,0,31.0,53.0,27.0,57.0,24.0,29.0,57.0,24.0,33.0,mixed
Omastar,rock,0,31.0,53.0,27.0,57.0,24.0,29.0,57.0,24.0,33.0,mixed
Kabuto,water,0,42.0,38.0,11.0,24.0,12.0,29.0,42.0,11.0,31.0,mixed
Kabuto,rock,0,42.0,38.0,11.0,24.0,12.0,29.0,42.0,11.0,31.0,mixed
Kabutops,water,0,61.0,44.0,23.0,30.0,24.0,43.0,61.0,23.0,38.0,mixed
Kabutops,rock,0,61.0,44.0,23.0,30.0,24.0,43.0,61.0,23.0,38.0,mixed
Aerodactyl,flying,0,72.0,36.0,31.0,33.0,36.0,83.0,83.0,31.0,52.0,specialist
Aerodactyl,rock,0,72.0,36.0,31.0,33.0,36.0,83.0,83.0,31.0,52.0,specialist
Snorlax,normal,0,58.0,27.0,63.0,30.0,43.0,14.0,63.0,14.0,49.0,specialist
Articuno,flying,1,44.0,42.0,35.0,46.0,50.0,46.0,50.0,35.0,15.0,balanced
Articuno,ice,1,44.0,42.0,35.0,46.0,50.0,46.0,50.0,35.0,15.0,balanced
Zapdos,flying,1,47.0,36.0,35.0,62.0,33.0,54.0,62.0,33.0,29.0,mixed
Zapdos,electric,1,47.0,36.0,35.0,62.0,33.0,54.0,62.0,33.0,29.0,mixed
Moltres,flying,1,53.0,38.0,35.0,62.0,31.0,49.0,62.0,31.0,31.0,mixed
Moltres,fire,1,53.0,38.0,35.0,62.0,31.0,49.0,62.0,31.0,31.0,mixed
Dratini,dragon,0,33.0,18.0,16.0,22.0,14.0,26.0,33.0,14.0,19.0,balanced
Dragonair,dragon,0,44.0,27.0,24.0,33.0,24.0,37.0,44.0,24.0,20.0,balanced
Dragonite,flying,0,72.0,40.0,35.0,49.0,38.0,43.0,72.0,35.0,37.0,mixed
Dragonite,dragon,0,72.0,40.0,35.0,49.0,38.0,43.0,72.0,35.0,37.0,mixed
Mewtwo,psychic,1,81.0,29.0,41.0,100.0,48.0,77.0,100.0,29.0,71.0,specialist
Mew,psychic,1,53.0,42.0,39.0,49.0,38.0,54.0,54.0,38.0,16.0,balanced
Chikorita,grass,0,24.0,27.0,17.0,21.0,21.0,23.0,27.0,17.0,10.0,balanced
Bayleef,grass,0,32.0,33.0,23.0,29.0,29.0,31.0,33.0,23.0,10.0,balanced
Meganium,grass,0,43.0,42.0,31.0,40.0,38.0,43.0,43.0,31.0,12.0,balanced
Cyndaquil,fire,0,26.0,17.0,15.0,27.0,14.0,34.0,34.0,14.0,20.0,balanced
Quilava,fire,0,33.0,24.0,22.0,38.0,21.0,43.0,43.0,21.0,22.0,balanced
Typhlosion,fire,0,44.0,32.0,30.0,54.0,31.0,54.0,54.0,30.0,24.0,balanced
Totodile,water,0,33.0,26.0,19.0,18.0,13.0,22.0,33.0,13.0,20.0,balanced
Croconaw,water,0,42.0,33.0,25.0,27.0,20.0,30.0,42.0,20.0,22.0,balanced
Feraligatr,water,0,56.0,42.0,33.0,38.0,30.0,42.0,56.0,30.0,26.0,mixed
Sentret,normal,0,23.0,13.0,13.0,14.0,12.0,9.0,23.0,9.0,14.0,balanced
Furret,normal,0,39.0,26.0,33.0,19.0,17.0,49.0,49.0,17.0,32.0,mixed
Hoothoot,flying,0,14.0,11.0,23.0,14.0,17.0,26.0,26.0,11.0,15.0,balanced
Hoothoot,normal,0,14.0,11.0,23.0,14.0,17.0,26.0,26.0,11.0,15.0,balanced
Noctowl,flying,0,25.0,20.0,39.0,41.0,36.0,37.0,41.0,20.0,21.0,balanced
Noctowl,normal,0,25.0,20.0,39.0,41.0,36.0,37.0,41.0,20.0,21.0,balanced
Ledyba,flying,0,8.0,11.0,15.0,16.0,29.0,29.0,29.0,8.0,21.0,balanced
Ledyba,bug,0,8.0,11.0,15.0,16.0,29.0,29.0,29.0,8.0,21.0,balanced
Ledian,flying,0,17.0,20.0,21.0,24.0,43.0,46.0,46.0,17.0,29.0,mixed
Ledian,bug,0,17.0,20.0,21.0,24.0,43.0,46.0,46.0,17.0,29.0,mixed
Spinarak,poison,0,31.0,16.0,15.0,16.0,10.0,14.0,31.0,10.0,21.0,balanced
Spinarak,bug,0,31.0,16.0,15.0,16.0,10.0,14.0,31.0,10.0,21.0,balanced
Ariados,poison,0,47.0,29.0,27.0,27.0,24.0,20.0,47.0,20.0,27.0,mixed
Ariados,bug,0,47.0,29.0,27.0,27.0,24.0,20.0,47.0,20.0,27.0,mixed
Crobat,flying,0,47.0,33.0,33.0,33.0,29.0,71.0,71.0,29.0,42.0,specialist
Crobat,poison,0,47.0,33.0,33.0,33.0,29.0,71.0,71.0,29.0,42.0,specialist
Chinchou,electric,0,18.0,15.0,29.0,25.0,17.0,35.0,35.0,15.0,20.0,balanced
Chinchou,water,0,18.0,15.0,29.0,25.0,17.0,35.0,35.0,15.0,20.0,balanced
Lanturn,electric,0,29.0,24.0,49.0,36.0,27.0,35.0,49.0,24.0,25.0,mixed
Lanturn,water,0,29.0,24.0,49.0,36.0,27.0,35.0,49.0,24.0,25.0,mixed
Pichu,electric,0,19.0,4.0,7.0,14.0,7.0,31.0,31.0,4.0,27.0,mixed
Cleffa,fairy,0,11.0,10.0,19.0,19.0,17.0,6.0,19.0,6.0,13.0,balanced
Igglybuff,fairy,0,14.0,4.0,35.0,16.0,0.0,6.0,35.0,0.0,35.0,mixed
Igglybuff,normal,0,14.0,4.0,35.0,16.0,0.0,6.0,35.0,0.0,35.0,mixed
Togepi,fairy,0,8.0,27.0,13.0,16.0,21.0,9.0,27.0,8.0,19.0,balanced
Togetic,flying,0,19.0,36.0,21.0,38.0,40.0,20.0,40.0,19.0,21.0,balanced
Togetic,fairy,0,19.0,36.0,21.0,38.0,40.0,20.0,40.0,19.0,21.0,balanced
Natu,flying,0,25.0,18.0,15.0,33.0,12.0,37.0,37.0,12.0,25.0,mixed
Natu,psychic,0,25.0,18.0,15.0,33.0,12.0,37.0,37.0,12.0,25.0,mixed
Xatu,flying,0,39.0,29.0,25.0,46.0,24.0,51.0,51.0,24.0,27.0,mixed
Xatu,psychic,0,39.0,29.0,25.0,46.0,24.0,51.0,51.0,24.0,27.0,mixed
Mareep,electric,0,19.0,16.0,21.0,30.0,12.0,17.0,30.0,12.0,18.0,balanced
Flaaffy,electric,0,28.0,22.0,27.0,38.0,19.0,23.0,38.0,19.0,19.0,balanced
Ampharos,electric,0,50.0,44.0,35.0,84.0,43.0,23.0,84.0,23.0,61.0,specialist
Bellossom,grass,0,42.0,40.0,29.0,43.0,38.0,26.0,43.0,26.0,17.0,balanced
Marill,fairy,0,8.0,20.0,27.0,5.0,14.0,20.0,27.0,5.0,22.0,balanced
Marill,water,0,8.0,20.0,27.0,5.0,14.0,20.0,27.0,5.0,22.0,balanced
Azumarill,fairy,0,25.0,33.0,39.0,27.0,29.0,26.0,39.0,25.0,14.0,balanced
Azumarill,water,0,25.0,33.0,39.0,27.0,29.0,26.0,39.0,25.0,14.0,balanced
Sudowoodo,rock,0,53.0,49.0,27.0,11.0,21.0,14.0,53.0,11.0,42.0,specialist
Politoed,water,0,39.0,31.0,35.0,43.0,38.0,37.0,43.0,31.0,12.0,balanced
Hoppip,flying,0,17.0,16.0,13.0,14.0,17.0,26.0,26.0,13.0,13.0,balanced
Hoppip,grass,0,17.0,16.0,13.0,14.0,17.0,26.0,26.0,13.0,13.0,balanced
Skiploom,flying,0,22.0,20.0,21.0,19.0,21.0,43.0,43.0,19.0,24.0,balanced
Skiploom,grass,0,22.0,20.0,21.0,19.0,21.0,43.0,43.0,19.0,24.0,balanced
Jumpluff,flying,0,28.0,29.0,29.0,24.0,36.0,60.0,60.0,24.0,36.0,mixed
Jumpluff,grass,0,28.0,29.0,29.0,24.0,36.0,60.0,60.0,24.0,36.0,mixed
Aipom,normal,0,36.0,22.0,21.0,16.0,17.0,46.0,46.0,16.0,30.0,mixed
Sunkern,grass,0,14.0,11.0,11.0,11.0,5.0,14.0,14.0,5.0,9.0,balanced
Sunflora,grass,0,39.0,22.0,29.0,52.0,31.0,14.0,52.0,14.0,38.0,mixed
Yanma,flying,0,33.0,18.0,25.0,35.0,12.0,51.0,51.0,12.0,39.0,mixed
Yanma,bug,0,33.0,18.0,25.0,35.0,12.0,51.0,51.0,12.0,39.0,mixed
Wooper,ground,0,22.0,18.0,21.0,8.0,2.0,6.0,22.0,2.0,20.0,balanced
Wooper,water,0,22.0,18.0,21.0,8.0,2.0,6.0,22.0,2.0,20.0,balanced
Quagsire,ground,0,44.0,36.0,37.0,30.0,21.0,17.0,44.0,17.0,27.0,mixed
Quagsire,water,0,44.0,36.0,37.0,30.0,21.0,17.0,44.0,17.0,27.0,mixed
Espeon,psychic,0,33.0,24.0,25.0,65.0,36.0,60.0,65.0,24.0,41.0,specialist
Umbreon,dark,0,33.0,47.0,37.0,27.0,52.0,34.0,52.0,27.0,25.0,mixed
Murkrow,flying,0,44.0,16.0,23.0,41.0,10.0,49.0,49.0,10.0,39.0,mixed
Murkrow,dark,0,44.0,16.0,23.0,41.0,10.0,49.0,49.0,10.0,39.0,mixed
Slowking,psychic,0,39.0,33.0,37.0,49.0,43.0,14.0,49.0,14.0,35.0,mixed
Slowking,water,0,39.0,33.0,37.0,49.0,43.0,14.0,49.0,14.0,35.0,mixed
Misdreavus,ghost,0,31.0,24.0,23.0,41.0,31.0,46.0,46.0,23.0,23.0,balanced
Unown,psychic,0,37.0,19.0,19.0,34.0,13.0,25.0,37.0,13.0,24.0,balanced
Wobbuffet,psychic,0,16.0,24.0,74.0,12.0,18.0,16.0,74.0,12.0,62.0,specialist
Girafarig,psychic,0,42.0,27.0,27.0,43.0,21.0,46.0,46.0,21.0,25.0,mixed
Girafarig,normal,0,42.0,27.0,27.0,43.0,21.0,46.0,46.0,21.0,25.0,mixed
Pineco,bug,0,33.0,38.0,19.0,14.0,7.0,6.0,38.0,6.0,32.0,mixed
Forretress,steel,0,47.0,60.0,29.0,27.0,19.0,20.0,60.0,19.0,41.0,specialist
Forretress,bug,0,47.0,60.0,29.0,27.0,19.0,20.0,60.0,19.0,41.0,specialist
Dunsparce,normal,0,36.0,29.0,39.0,30.0,21.0,23.0,39.0,21.0,18.0,balanced
Gligar,flying,0,39.0,44.0,25.0,14.0,21.0,46.0,46.0,14.0,32.0,mixed
Gligar,ground,0,39.0,44.0,25.0,14.0,21.0,46.0,46.0,14.0,32.0,mixed
Steelix,ground,0,67.0,100.0,29.0,24.0,36.0,14.0,100.0,14.0,86.0,specialist
Steelix,steel,0,67.0,100.0,29.0,24.0,36.0,14.0,100.0,14.0,86.0,specialist
Snubbull,fairy,0,42.0,20.0,23.0,16.0,10.0,14.0,42.0,10.0,32.0,mixed
Granbull,fairy,0,64.0,31.0,35.0,27.0,19.0,23.0,64.0,19.0,45.0,specialist
Qwilfish,poison,0,50.0,36.0,25.0,24.0,17.0,46.0,50.0,17.0,33.0,mixed
Qwilfish,water,0,50.0,36.0,25.0,24.0,17.0,46.0,50.0,17.0,33.0,mixed
Scizor,steel,0,81.0,60.0,27.0,30.0,38.0,40.0,81.0,27.0,54.0,specialist
Scizor,bug,0,81.0,60.0,27.0,30.0,38.0,40.0,81.0,27.0,54.0,specialist
Shuckle,rock,0,3.0,100.0,7.0,0.0,100.0,0.0,100.0,0.0,100.0,specialist
Shuckle,bug,0,3.0,100.0,7.0,0.0,100.0,0.0,100.0,0.0,100.0,specialist
Heracross,fighting,0,100.0,49.0,31.0,16.0,40.0,40.0,100.0,16.0,84.0,specialist
Heracross,bug,0,100.0,49.0,31.0,16.0,40.0,40.0,100.0,16.0,84.0,specialist
Sneasel,ice,0,50.0,22.0,21.0,14.0,26.0,63.0,63.0,14.0,49.0,specialist
Sneasel,dark,0,50.0,22.0,21.0,14.0,26.0,63.0,63.0,14.0,49.0,specialist
Teddiursa,normal,0,42.0,20.0,23.0,22.0,14.0,20.0,42.0,14.0,28.0,mixed
Ursaring,normal,0,69.0,31.0,35.0,35.0,26.0,29.0,69.0,26.0,43.0,specialist
Slugma,fire,0,19.0,16.0,15.0,33.0,10.0,9.0,33.0,9.0,24.0,balanced
Magcargo,rock,0,25.0,51.0,23.0,43.0,29.0,14.0,51.0,14.0,37.0,mixed
Magcargo,fire,0,25.0,51.0,23.0,43.0,29.0,14.0,51.0,14.0,37.0,mixed
Swinub,ground,0,25.0,16.0,19.0,11.0,5.0,26.0,26.0,5.0,21.0,balanced
Swinub,ice,0,25.0,16.0,19.0,11.0,5.0,26.0,26.0,5.0,21.0,balanced
Piloswine,ground,0,53.0,33.0,39.0,27.0,19.0,26.0,53.0,19.0,34.0,mixed
Piloswine,ice,0,53.0,33.0,39.0,27.0,19.0,26.0,53.0,19.0,34.0,mixed
Corsola,rock,0,28.0,40.0,25.0,30.0,36.0,17.0,40.0,17.0,23.0,balanced
Corsola,water,0,28.0,40.0,25.0,30.0,36.0,17.0,40.0,17.0,23.0,balanced
Remoraid,water,0,33.0,13.0,13.0,30.0,7.0,34.0,34.0,7.0,27.0,mixed
Octillery,water,0,56.0,31.0,29.0,52.0,26.0,23.0,56.0,23.0,33.0,mixed
Delibird,flying,0,28.0,18.0,17.0,30.0,12.0,40.0,40.0,12.0,28.0,mixed
Delibird,ice,0,28.0,18.0,17.0,30.0,12.0,40.0,40.0,12.0,28.0,mixed
Mantine,flying,0,19.0,29.0,33.0,38.0,57.0,37.0,57.0,19.0,38.0,mixed
Mantine,water,0,19.0,29.0,33.0,38.0,57.0,37.0,57.0,19.0,38.0,mixed
Skarmory,flying,0,42.0,60.0,25.0,16.0,24.0,37.0,60.0,16.0,44.0,specialist
Skarmory,steel,0,42.0,60.0,25.0,16.0,24.0,37.0,60.0,16.0,44.0,specialist
Houndour,fire,0,31.0,11.0,17.0,38.0,14.0,34.0,38.0,11.0,27.0,mixed
Houndour,dark,0,31.0,11.0,17.0,38.0,14.0,34.0,38.0,11.0,27.0,mixed
Houndoom,fire,0,47.0,38.0,29.0,71.0,33.0,63.0,71.0,29.0,42.0,specialist
Houndoom,dark,0,47.0,38.0,29.0,71.0,33.0,63.0,71.0,29.0,42.0,specialist
Kingdra,dragon,0,50.0,40.0,29.0,46.0,36.0,46.0,50.0,29.0,21.0,balanced
Kingdra,water,0,50.0,40.0,29.0,46.0,36.0,46.0,50.0,29.0,21.0,balanced
Phanpy,ground,0,31.0,24.0,35.0,16.0,10.0,20.0,35.0,10.0,25.0,mixed
Donphan,ground,0,64.0,51.0,35.0,27.0,19.0,26.0,64.0,19.0,45.0,specialist
Porygon2,normal,0,42.0,38.0,33.0,52.0,36.0,31.0,52.0,31.0,21.0,balanced
Stantler,normal,0,50.0,25.0,28.0,41.0,21.0,46.0,50.0,21.0,29.0,mixed
Smeargle,normal,0,8.0,13.0,21.0,5.0,12.0,40.0,40.0,5.0,35.0,mixed
Tyrogue,fighting,0,17.0,13.0,13.0,14.0,7.0,17.0,17.0,7.0,10.0,balanced
Hitmontop,fighting,0,50.0,40.0,19.0,14.0,43.0,37.0,50.0,14.0,36.0,mixed
Smoochum,psychic,0,14.0,4.0,17.0,41.0,21.0,34.0,41.0,4.0,37.0,mixed
Smoochum,ice,0,14.0,4.0,17.0,41.0,21.0,34.0,41.0,4.0,37.0,mixed
Elekid,electric,0,32.0,14.0,17.0,30.0,17.0,51.0,51.0,14.0,37.0,mixed
Magby,fire,0,39.0,14.0,17.0,33.0,17.0,45.0,45.0,14.0,31.0,mixed
Miltank,normal,0,42.0,44.0,37.0,16.0,24.0,54.0,54.0,16.0,38.0,mixed
Blissey,normal,0,3.0,2.0,100.0,35.0,55.0,29.0,100.0,2.0,98.0,specialist
Raikou,electric,1,44.0,31.0,35.0,57.0,38.0,63.0,63.0,31.0,32.0,mixed
Entei,fire,1,61.0,36.0,45.0,43.0,26.0,54.0,61.0,26.0,35.0,mixed
Suicune,water,1,39.0,49.0,39.0,43.0,45.0,46.0,49.0,39.0,10.0,balanced
Larvitar,ground,0,33.0,20.0,19.0,19.0,14.0,21.0,33.0,14.0,19.0,balanced
Larvitar,rock,0,33.0,20.0,19.0,19.0,14.0,21.0,33.0,14.0,19.0,balanced
Pupitar,ground,0,44.0,29.0,27.0,30.0,24.0,26.0,44.0,24.0,20.0,balanced
Pupitar,rock,0,44.0,29.0,27.0,30.0,24.0,26.0,44.0,24.0,20.0,balanced
Tyranitar,dark,0,88.0,64.0,39.0,46.0,48.0,38.0,88.0,38.0,50.0,specialist
Tyranitar,rock,0,88.0,64.0,39.0,46.0,48.0,38.0,88.0,38.0,50.0,specialist
Lugia,flying,1,47.0,56.0,41.0,43.0,64.0,60.0,64.0,41.0,23.0,balanced
Lugia,psychic,1,47.0,56.0,41.0,43.0,64.0,60.0,64.0,41.0,23.0,balanced
Ho-Oh,flying,1,69.0,38.0,41.0,54.0,64.0,49.0,69.0,38.0,31.0,mixed
Ho-Oh,fire,1,69.0,38.0,41.0,54.0,64.0,49.0,69.0,38.0,31.0,mixed
Celebi,grass,1,53.0,42.0,39.0,49.0,38.0,54.0,54.0,38.0,16.0,balanced
Celebi,psychic,1,53.0,42.0,39.0,49.0,38.0,54.0,54.0,38.0,16.0,balanced
Treecko,grass,0,22.0,13.0,15.0,30.0,17.0,37.0,37.0,13.0,24.0,balanced
Grovyle,grass,0,33.0,18.0,19.0,41.0,21.0,51.0,51.0,18.0,33.0,mixed
Sceptile,grass,0,58.0,31.0,27.0,73.0,31.0,80.0,80.0,27.0,53.0,specialist
Torchic,fire,0,31.0,16.0,17.0,33.0,14.0,23.0,33.0,14.0,19.0,balanced
Combusken,fighting,0,44.0,24.0,23.0,41.0,19.0,29.0,44.0,19.0,25.0,mixed
Combusken,fire,0,44.0,24.0,23.0,41.0,19.0,29.0,44.0,19.0,25.0,mixed
Blaziken,fighting,0,86.0,33.0,31.0,65.0,29.0,54.0,86.0,29.0,57.0,specialist
Blaziken,fire,0,86.0,33.0,31.0,65.0,29.0,54.0,86.0,29.0,57.0,specialist
Mudkip,water,0,36.0,20.0,19.0,22.0,14.0,20.0,36.0,14.0,22.0,balanced
Marshtomp,ground,0,44.0,29.0,27.0,27.0,24.0,26.0,44.0,24.0,20.0,balanced
Marshtomp,water,0,44.0,29.0,27.0,27.0,24.0,26.0,44.0,24.0,20.0,balanced
Swampert,ground,0,81.0,47.0,39.0,46.0,43.0,37.0,81.0,37.0,44.0,specialist
Swampert,water,0,81.0,47.0,39.0,46.0,43.0,37.0,81.0,37.0,44.0,specialist
Poochyena,dark,0,28.0,13.0,13.0,11.0,5.0,17.0,28.0,5.0,23.0,balanced
Mightyena,dark,0,47.0,29.0,27.0,27.0,19.0,37.0,47.0,19.0,28.0,mixed
Zigzagoon,normal,0,14.0,16.0,15.0,11.0,10.0,31.0,31.0,10.0,21.0,balanced
Linoone,normal,0,36.0,25.0,30.0,22.0,20.0,54.0,54.0,20.0,34.0,mixed
Wurmple,bug,0,22.0,13.0,17.0,5.0,5.0,9.0,22.0,5.0,17.0,balanced
Silcoon,bug,0,17.0,22.0,19.0,8.0,2.0,6.0,22.0,2.0,20.0,balanced
Beautifly,flying,0,36.0,20.0,23.0,49.0,14.0,34.0,49.0,14.0,35.0,mixed
Beautifly,bug,0,36.0,20.0,23.0,49.0,14.0,34.0,49.0,14.0,35.0,mixed
Cascoon,bug,0,17.0,22.0,19.0,8.0,2.0,6.0,22.0,2.0,20.0,balanced
Dustox,poison,0,25.0,29.0,23.0,22.0,33.0,34.0,34.0,22.0,12.0,balanced
Dustox,bug,0,25.0,29.0,23.0,22.0,33.0,34.0,34.0,22.0,12.0,balanced
Lotad,grass,0,14.0,11.0,15.0,16.0,14.0,14.0,16.0,11.0,5.0,balanced
Lotad,water,0,14.0,11.0,15.0,16.0,14.0,14.0,16.0,11.0,5.0,balanced
Lombre,grass,0,25.0,20.0,23.0,27.0,24.0,26.0,27.0,20.0,7.0,balanced
Lombre,water,0,25.0,20.0,23.0,27.0,24.0,26.0,27.0,20.0,7.0,balanced
Ludicolo,grass,0,36.0,29.0,31.0,43.0,38.0,37.0,43.0,29.0,14.0,balanced
Ludicolo,water,0,36.0,29.0,31.0,43.0,38.0,37.0,43.0,29.0,14.0,balanced
Seedot,grass,0,19.0,20.0,15.0,11.0,5.0,14.0,20.0,5.0,15.0,balanced
Nuzleaf,dark,0,36.0,16.0,27.0,27.0,10.0,31.0,36.0,10.0,26.0,mixed
Nuzleaf,grass,0,36.0,16.0,27.0,27.0,10.0,31.0,36.0,10.0,26.0,mixed
Shiftry,dark,0,53.0,24.0,35.0,43.0,19.0,43.0,53.0,19.0,34.0,mixed
Shiftry,grass,0,53.0,24.0,35.0,43.0,19.0,43.0,53.0,19.0,34.0,mixed
Taillow,flying,0,28.0,11.0,15.0,11.0,5.0,46.0,46.0,5.0,41.0,specialist
Taillow,normal,0,28.0,11.0,15.0,11.0,5.0,46.0,46.0,5.0,41.0,specialist
Swellow,flying,0,44.0,24.0,23.0,35.0,14.0,69.0,69.0,14.0,55.0,specialist
Swellow,normal,0,44.0,24.0,23.0,35.0,14.0,69.0,69.0,14.0,55.0,specialist
Wingull,flying,0,14.0,11.0,15.0,24.0,5.0,46.0,46.0,5.0,41.0,specialist
Wingull,water,0,14.0,11.0,15.0,24.0,5.0,46.0,46.0,5.0,41.0,specialist
Pelipper,flying,0,25.0,42.0,23.0,46.0,24.0,34.0,46.0,23.0,23.0,balanced
Pelipper,water,0,25.0,42.0,23.0,46.0,24.0,34.0,46.0,23.0,23.0,balanced
Ralts,fairy,0,11.0,9.0,11.0,19.0,7.0,20.0,20.0,7.0,13.0,balanced
Ralts,psychic,0,11.0,9.0,11.0,19.0,7.0,20.0,20.0,7.0,13.0,balanced
Kirlia,fairy,0,17.0,13.0,15.0,30.0,17.0,26.0,30.0,13.0,17.0,balanced
Kirlia,psychic,0,17.0,13.0,15.0,30.0,17.0,26.0,30.0,13.0,17.0,balanced
Gardevoir,fairy,0,44.0,27.0,26.0,84.0,55.0,54.0,84.0,26.0,58.0,specialist
Gardevoir,psychic,0,44.0,27.0,26.0,84.0,55.0,54.0,84.0,26.0,58.0,specialist
Surskit,water,0,14.0,12.0,15.0,22.0,15.0,34.0,34.0,12.0,22.0,balanced
Surskit,bug,0,14.0,12.0,15.0,22.0,15.0,34.0,34.0,12.0,22.0,balanced
Masquerain,flying,0,31.0,25.0,27.0,49.0,30.0,43.0,49.0,25.0,24.0,balanced
Masquerain,bug,0,31.0,25.0,27.0,49.0,30.0,43.0,49.0,25.0,24.0,balanced
Shroomish,grass,0,19.0,24.0,23.0,16.0,19.0,17.0,24.0,16.0,8.0,balanced
Breloom,fighting,0,69.0,33.0,23.0,27.0,19.0,37.0,69.0,19.0,50.0,specialist
Breloom,grass,0,69.0,33.0,23.0,27.0,19.0,37.0,69.0,19.0,50.0,specialist
Slakoth,normal,0,31.0,24.0,23.0,14.0,7.0,14.0,31.0,7.0,24.0,balanced
Vigoroth,normal,0,42.0,33.0,31.0,24.0,17.0,49.0,49.0,17.0,32.0,mixed
Slaking,normal,0,86.0,42.0,59.0,46.0,21.0,54.0,86.0,21.0,65.0,specialist
Nincada,ground,0,22.0,38.0,12.0,11.0,5.0,20.0,38.0,5.0,33.0,mixed
Nincada,bug,0,22.0,38.0,12.0,11.0,5.0,20.0,38.0,5.0,33.0,mixed
Ninjask,flying,0,47.0,18.0,24.0,22.0,14.0,89.0,89.0,14.0,75.0,specialist
Ninjask,bug,0,47.0,18.0,24.0,22.0,14.0,89.0,89.0,14.0,75.0,specialist
Shedinja,ghost,0,47.0,18.0,0.0,11.0,5.0,20.0,47.0,0.0,47.0,specialist
Shedinja,bug,0,47.0,18.0,0.0,11.0,5.0,20.0,47.0,0.0,47.0,specialist
Whismur,normal,0,26.0,8.0,25.0,22.0,1.0,13.0,26.0,1.0,25.0,mixed
Loudred,normal,0,37.0,17.0,33.0,33.0,11.0,25.0,37.0,11.0,26.0,mixed
Exploud,normal,0,48.0,26.0,41.0,44.0,25.0,36.0,48.0,25.0,23.0,balanced
Makuhita,fighting,0,31.0,11.0,28.0,5.0,5.0,11.0,31.0,5.0,26.0,mixed
Hariyama,fighting,0,64.0,24.0,56.0,16.0,19.0,26.0,64.0,16.0,48.0,specialist
Azurill,fairy,0,8.0,16.0,19.0,5.0,10.0,9.0,19.0,5.0,14.0,balanced
Azurill,normal,0,8.0,16.0,19.0,5.0,10.0,9.0,19.0,5.0,14.0,balanced
Nosepass,rock,0,22.0,58.0,11.0,19.0,33.0,14.0,58.0,11.0,47.0,specialist
Skitty,normal,0,22.0,18.0,19.0,14.0,7.0,26.0,26.0,7.0,19.0,balanced
Delcatty,normal,0,33.0,27.0,27.0,24.0,17.0,49.0,49.0,17.0,32.0,mixed
Sableye,ghost,0,44.0,53.0,19.0,41.0,45.0,9.0,53.0,9.0,44.0,specialist
Sableye,dark,0,44.0,53.0,19.0,41.0,45.0,9.0,53.0,9.0,44.0,specialist
Mawile,fairy,0,56.0,53.0,19.0,24.0,36.0,26.0,56.0,19.0,37.0,mixed
Mawile,steel,0,56.0,53.0,19.0,24.0,36.0,26.0,56.0,19.0,37.0,mixed
Aron,rock,0,36.0,42.0,19.0,16.0,10.0,14.0,42.0,10.0,32.0,mixed
Aron,steel,0,36.0,42.0,19.0,16.0,10.0,14.0,42.0,10.0,32.0,mixed
Lairon,rock,0,47.0,60.0,23.0,22.0,14.0,20.0,60.0,14.0,46.0,specialist
Lairon,steel,0,47.0,60.0,23.0,22.0,14.0,20.0,60.0,14.0,46.0,specialist
Aggron,rock,0,75.0,100.0,27.0,27.0,29.0,26.0,100.0,26.0,74.0,specialist
Aggron,steel,0,75.0,100.0,27.0,27.0,29.0,26.0,100.0,26.0,74.0,specialist
Meditite,psychic,0,19.0,22.0,11.0,16.0,17.0,31.0,31.0,11.0,20.0,balanced
Meditite,fighting,0,19.0,22.0,11.0,16.0,17.0,31.0,31.0,11.0,20.0,balanced
Medicham,psychic,0,53.0,36.0,23.0,38.0,31.0,54.0,54.0,23.0,31.0,mixed
Medicham,fighting,0,53.0,36.0,23.0,38.0,31.0,54.0,54.0,23.0,31.0,mixed
Electrike,electric,0,22.0,16.0,15.0,30.0,10.0,34.0,34.0,10.0,24.0,balanced
Manectric,electric,0,39.0,33.0,27.0,68.0,29.0,74.0,74.0,27.0,47.0,specialist
Plusle,electric,0,25.0,16.0,23.0,41.0,26.0,51.0,51.0,16.0,35.0,mixed
Minun,electric,0,19.0,20.0,23.0,35.0,31.0,51.0,51.0,19.0,32.0,mixed
Volbeat,bug,0,38.0,31.0,25.0,20.0,31.0,46.0,46.0,20.0,26.0,mixed
Illumise,bug,0,23.0,31.0,25.0,34.0,31.0,46.0,46.0,23.0,23.0,balanced
Roselia,poison,0,31.0,18.0,19.0,49.0,29.0,34.0,49.0,18.0,31.0,mixed
Roselia,grass,0,31.0,18.0,19.0,49.0,29.0,34.0,49.0,18.0,31.0,mixed
Gulpin,poison,0,21.0,21.0,27.0,18.0,16.0,20.0,27.0,16.0,11.0,balanced
Swalot,poison,0,38.0,35.0,39.0,34.0,30.0,29.0,39.0,29.0,10.0,balanced
Carvanha,dark,0,47.0,7.0,17.0,30.0,0.0,34.0,47.0,0.0,47.0,specialist
Carvanha,water,0,47.0,7.0,17.0,30.0,0.0,34.0,47.0,0.0,47.0,specialist
Sharpedo,dark,0,75.0,29.0,27.0,54.0,21.0,57.0,75.0,21.0,54.0,specialist
Sharpedo,water,0,75.0,29.0,27.0,54.0,21.0,57.0,75.0,21.0,54.0,specialist
Wailmer,water,0,36.0,13.0,51.0,33.0,7.0,31.0,51.0,7.0,44.0,specialist
Wailord,water,0,47.0,18.0,67.0,43.0,12.0,31.0,67.0,12.0,55.0,specialist
Numel,ground,0,31.0,16.0,23.0,30.0,12.0,17.0,31.0,12.0,19.0,balanced
Numel,fire,0,31.0,16.0,23.0,30.0,12.0,17.0,31.0,12.0,19.0,balanced
Camerupt,ground,0,64.0,42.0,27.0,73.0,40.0,9.0,73.0,9.0,64.0,specialist
Camerupt,fire,0,64.0,42.0,27.0,73.0,40.0,9.0,73.0,9.0,64.0,specialist
Torkoal,fire,0,44.0,60.0,27.0,41.0,24.0,9.0,60.0,9.0,51.0,specialist
Spoink,psychic,0,11.0,13.0,23.0,33.0,29.0,31.0,33.0,11.0,22.0,balanced
Grumpig,psychic,0,22.0,27.0,31.0,43.0,43.0,43.0,43.0,22.0,21.0,balanced
Spinda,normal,0,31.0,24.0,23.0,27.0,19.0,31.0,31.0,19.0,12.0,balanced
Trapinch,ground,0,53.0,18.0,17.0,19.0,12.0,3.0,53.0,3.0,50.0,specialist
Vibrava,dragon,0,36.0,20.0,19.0,22.0,14.0,37.0,37.0,14.0,23.0,balanced
Vibrava,ground,0,36.0,20.0,19.0,22.0,14.0,37.0,37.0,14.0,23.0,balanced
Flygon,dragon,0,53.0,33.0,31.0,38.0,29.0,54.0,54.0,29.0,25.0,mixed
Flygon,ground,0,53.0,33.0,31.0,38.0,29.0,54.0,54.0,29.0,25.0,mixed
Cacnea,grass,0,44.0,16.0,19.0,41.0,10.0,17.0,44.0,10.0,34.0,mixed
Cacturne,dark,0,61.0,24.0,27.0,57.0,19.0,29.0,61.0,19.0,42.0,specialist
Cacturne,grass,0,61.0,24.0,27.0,57.0,19.0,29.0,61.0,19.0,42.0,specialist
Swablu,flying,0,19.0,24.0,17.0,16.0,26.0,26.0,26.0,16.0,10.0,balanced
Swablu,normal,0,19.0,24.0,17.0,16.0,26.0,26.0,26.0,16.0,10.0,balanced
Altaria,flying,0,58.0,47.0,29.0,54.0,40.0,43.0,58.0,29.0,29.0,mixed
Altaria,dragon,0,58.0,47.0,29.0,54.0,40.0,43.0,58.0,29.0,29.0,mixed
Zangoose,normal,0,61.0,24.0,28.0,27.0,19.0,49.0,61.0,19.0,42.0,specialist
Seviper,poison,0,53.0,24.0,28.0,49.0,19.0,34.0,53.0,19.0,34.0,mixed
Lunatone,psychic,0,28.0,27.0,35.0,46.0,31.0,37.0,46.0,27.0,19.0,balanced
Lunatone,rock,0,28.0,27.0,35.0,46.0,31.0,37.0,46.0,27.0,19.0,balanced
Solrock,psychic,0,50.0,36.0,35.0,24.0,21.0,37.0,50.0,21.0,29.0,mixed
Solrock,rock,0,50.0,36.0,35.0,24.0,21.0,37.0,50.0,21.0,29.0,mixed
Barboach,ground,0,24.0,17.0,19.0,20.0,10.0,31.0,31.0,10.0,21.0,balanced
Barboach,water,0,24.0,17.0,19.0,20.0,10.0,31.0,31.0,10.0,21.0,balanced
Whiscash,ground,0,41.0,30.0,43.0,36.0,24.0,31.0,43.0,24.0,19.0,balanced
Whiscash,water,0,41.0,30.0,43.0,36.0,24.0,31.0,43.0,24.0,19.0,balanced
Corphish,water,0,42.0,27.0,17.0,22.0,7.0,17.0,42.0,7.0,35.0,mixed
Crawdaunt,dark,0,64.0,36.0,24.0,43.0,17.0,29.0,64.0,17.0,47.0,specialist
Crawdaunt,water,0,64.0,36.0,24.0,43.0,17.0,29.0,64.0,17.0,47.0,specialist
Baltoy,psychic,0,19.0,22.0,15.0,16.0,24.0,29.0,29.0,15.0,14.0,balanced
Baltoy,ground,0,19.0,22.0,15.0,16.0,24.0,29.0,29.0,15.0,14.0,balanced
Claydol,psychic,0,36.0,44.0,23.0,33.0,48.0,40.0,48.0,23.0,25.0,mixed
Claydol,ground,0,36.0,44.0,23.0,33.0,48.0,40.0,48.0,23.0,25.0,mixed
Lileep,grass,0,20.0,32.0,26.0,28.0,32.0,10.0,32.0,10.0,22.0,balanced
Lileep,rock,0,20.0,32.0,26.0,28.0,32.0,10.0,32.0,10.0,22.0,balanced
Cradily,grass,0,42.0,41.0,33.0,39.0,41.0,22.0,42.0,22.0,20.0,balanced
Cradily,rock,0,42.0,41.0,33.0,39.0,41.0,22.0,42.0,22.0,20.0,balanced
Anorith,bug,0,50.0,20.0,17.0,16.0,14.0,40.0,50.0,14.0,36.0,mixed
Anorith,rock,0,50.0,20.0,17.0,16.0,14.0,40.0,50.0,14.0,36.0,mixed
Armaldo,bug,0,67.0,42.0,29.0,33.0,29.0,23.0,67.0,23.0,44.0,specialist
Armaldo,rock,0,67.0,42.0,29.0,33.0,29.0,23.0,67.0,23.0,44.0,specialist
Feebas,water,0,6.0,7.0,7.0,0.0,17.0,43.0,43.0,0.0,43.0,specialist
Milotic,water,0,31.0,33.0,37.0,49.0,50.0,43.0,50.0,31.0,19.0,balanced
Castform,normal,0,36.0,29.0,27.0,33.0,24.0,37.0,37.0,24.0,13.0,balanced
Kecleon,normal,0,47.0,29.0,23.0,27.0,48.0,20.0,48.0,20.0,28.0,mixed
Shuppet,ghost,0,39.0,13.0,17.0,29.0,6.0,23.0,39.0,6.0,33.0,mixed
Banette,ghost,0,89.0,31.0,25.0,45.0,30.0,40.0,89.0,25.0,64.0,specialist
Duskull,ghost,0,19.0,38.0,7.0,11.0,33.0,11.0,38.0,7.0,31.0,mixed
Dusclops,ghost,0,36.0,56.0,15.0,27.0,52.0,11.0,56.0,11.0,45.0,specialist
Tropius,flying,0,35.0,35.0,39.0,34.0,32.0,26.0,39.0,26.0,13.0,balanced
Tropius,grass,0,35.0,35.0,39.0,34.0,32.0,26.0,39.0,26.0,13.0,balanced
Chimecho,psychic,0,25.0,33.0,29.0,46.0,33.0,34.0,46.0,25.0,21.0,balanced
Absol,dark,0,81.0,24.0,25.0,57.0,19.0,63.0,81.0,19.0,62.0,specialist
Wynaut,psychic,0,10.0,19.0,37.0,7.0,13.0,10.0,37.0,7.0,30.0,mixed
Snorunt,ice,0,25.0,20.0,19.0,22.0,14.0,26.0,26.0,14.0,12.0,balanced
Glalie,ice,0,64.0,33.0,31.0,60.0,29.0,54.0,64.0,29.0,35.0,mixed
Spheal,water,0,19.0,20.0,27.0,24.0,14.0,11.0,27.0,11.0,16.0,balanced
Spheal,ice,0,19.0,20.0,27.0,24.0,14.0,11.0,27.0,11.0,16.0,balanced
Sealeo,water,0,31.0,29.0,35.0,35.0,24.0,23.0,35.0,23.0,12.0,balanced
Sealeo,ice,0,31.0,29.0,35.0,35.0,24.0,23.0,35.0,23.0,12.0,balanced
Walrein,water,0,42.0,38.0,43.0,46.0,33.0,34.0,46.0,33.0,13.0,balanced
Walrein,ice,0,42.0,38.0,43.0,46.0,33.0,34.0,46.0,33.0,13.0,balanced
Clamperl,water,0,33.0,36.0,13.0,35.0,17.0,15.0,36.0,13.0,23.0,balanced
Huntail,water,0,55.0,44.0,21.0,46.0,26.0,27.0,55.0,21.0,34.0,mixed
Gorebyss,water,0,44.0,44.0,21.0,57.0,26.0,27.0,57.0,21.0,36.0,mixed
Relicanth,rock,0,47.0,56.0,39.0,19.0,21.0,29.0,56.0,19.0,37.0,mixed
Relicanth,water,0,47.0,56.0,39.0,19.0,21.0,29.0,56.0,19.0,37.0,mixed
Luvdisc,water,0,14.0,22.0,17.0,16.0,21.0,53.0,53.0,14.0,39.0,mixed
Bagon,dragon,0,39.0,24.0,17.0,16.0,5.0,26.0,39.0,5.0,34.0,mixed
Shelgon,dragon,0,50.0,42.0,25.0,27.0,14.0,26.0,50.0,14.0,36.0,mixed
Salamence,flying,0,78.0,56.0,37.0,60.0,33.0,66.0,78.0,33.0,45.0,specialist
Salamence,dragon,0,78.0,56.0,37.0,60.0,33.0,66.0,78.0,33.0,45.0,specialist
Beldum,psychic,0,28.0,33.0,15.0,14.0,19.0,14.0,33.0,14.0,19.0,balanced
Beldum,steel,0,28.0,33.0,15.0,14.0,19.0,14.0,33.0,14.0,19.0,balanced
Metang,psychic,0,39.0,42.0,23.0,24.0,29.0,26.0,42.0,23.0,19.0,balanced
Metang,steel,0,39.0,42.0,23.0,24.0,29.0,26.0,42.0,23.0,19.0,balanced
Metagross,psychic,0,78.0,64.0,31.0,52.0,43.0,60.0,78.0,31.0,47.0,specialist
Metagross,steel,0,78.0,64.0,31.0,52.0,43.0,60.0,78.0,31.0,47.0,specialist
Regirock,rock,1,53.0,87.0,31.0,22.0,38.0,26.0,87.0,22.0,65.0,specialist
Regice,ice,1,25.0,42.0,31.0,49.0,86.0,26.0,86.0,25.0,61.0,specialist
Registeel,steel,1,39.0,64.0,31.0,35.0,62.0,26.0,64.0,26.0,38.0,mixed
Latias,psychic,1,53.0,51.0,31.0,71.0,62.0,60.0,71.0,31.0,40.0,specialist
Latias,dragon,1,53.0,51.0,31.0,71.0,62.0,60.0,71.0,31.0,40.0,specialist
Latios,psychic,1,69.0,42.0,31.0,82.0,48.0,60.0,82.0,31.0,51.0,specialist
Latios,dragon,1,69.0,42.0,31.0,82.0,48.0,60.0,82.0,31.0,51.0,specialist
Kyogre,water,1,81.0,38.0,39.0,92.0,67.0,49.0,92.0,38.0,54.0,specialist
Groudon,ground,1,97.0,69.0,39.0,76.0,33.0,49.0,97.0,33.0,64.0,specialist
Rayquaza,flying,1,97.0,42.0,41.0,92.0,38.0,63.0,97.0,38.0,59.0,specialist
Rayquaza,dragon,1,97.0,42.0,41.0,92.0,38.0,63.0,97.0,38.0,59.0,specialist
Jirachi,psychic,1,53.0,42.0,39.0,49.0,38.0,54.0,54.0,38.0,16.0,balanced
Jirachi,steel,1,53.0,42.0,39.0,49.0,38.0,54.0,54.0,38.0,16.0,balanced
Deoxys,psychic,1,50.0,38.0,19.0,46.0,33.0,100.0,100.0,19.0,81.0,specialist
Turtwig,grass,0,35.0,26.0,21.0,19.0,17.0,15.0,35.0,15.0,20.0,balanced
Grotle,grass,0,47.0,36.0,29.0,24.0,21.0,18.0,47.0,18.0,29.0,mixed
Torterra,ground,0,58.0,44.0,37.0,35.0,31.0,29.0,58.0,29.0,29.0,mixed
Torterra,grass,0,58.0,44.0,37.0,35.0,31.0,29.0,58.0,29.0,29.0,mixed
Chimchar,fire,0,29.0,17.0,17.0,26.0,11.0,32.0,32.0,11.0,21.0,balanced
Monferno,fighting,0,41.0,21.0,25.0,37.0,15.0,43.0,43.0,15.0,28.0,mixed
Monferno,fire,0,41.0,21.0,25.0,37.0,15.0,43.0,43.0,15.0,28.0,mixed
Infernape,fighting,0,55.0,29.0,30.0,51.0,24.0,59.0,59.0,24.0,35.0,mixed
Infernape,fire,0,55.0,29.0,30.0,51.0,24.0,59.0,59.0,24.0,35.0,mixed
Piplup,water,0,26.0,21.0,20.0,28.0,17.0,20.0,28.0,17.0,11.0,balanced
Prinplup,water,0,34.0,28.0,25.0,39.0,27.0,26.0,39.0,25.0,14.0,balanced
Empoleon,steel,0,45.0,37.0,33.0,55.0,39.0,31.0,55.0,31.0,24.0,balanced
Empoleon,water,0,45.0,37.0,33.0,55.0,39.0,31.0,55.0,31.0,24.0,balanced
Starly,flying,0,28.0,11.0,15.0,11.0,5.0,31.0,31.0,5.0,26.0,mixed
Starly,normal,0,28.0,11.0,15.0,11.0,5.0,31.0,31.0,5.0,26.0,mixed
Staravia,flying,0,39.0,20.0,21.0,16.0,10.0,43.0,43.0,10.0,33.0,mixed
Staravia,normal,0,39.0,20.0,21.0,16.0,10.0,43.0,43.0,10.0,33.0,mixed
Staraptor,flying,0,64.0,29.0,33.0,22.0,19.0,54.0,64.0,19.0,45.0,specialist
Staraptor,normal,0,64.0,29.0,33.0,22.0,19.0,54.0,64.0,19.0,45.0,specialist
Bidoof,normal,0,22.0,16.0,23.0,14.0,10.0,15.0,23.0,10.0,13.0,balanced
Bibarel,water,0,44.0,24.0,31.0,24.0,19.0,38.0,44.0,19.0,25.0,mixed
Bibarel,normal,0,44.0,24.0,31.0,24.0,19.0,38.0,44.0,19.0,25.0,mixed
Kricketot,bug,0,11.0,16.0,14.0,8.0,10.0,11.0,16.0,8.0,8.0,balanced
Kricketune,bug,0,44.0,20.0,30.0,24.0,15.0,34.0,44.0,15.0,29.0,mixed
Shinx,electric,0,33.0,13.0,17.0,16.0,7.0,23.0,33.0,7.0,26.0,mixed
Luxio,electric,0,44.0,20.0,23.0,27.0,14.0,31.0,44.0,14.0,30.0,mixed
Luxray,electric,0,64.0,33.0,31.0,46.0,28.0,37.0,64.0,28.0,36.0,mixed
Budew,poison,0,14.0,13.0,15.0,22.0,24.0,29.0,29.0,13.0,16.0,balanced
Budew,grass,0,14.0,13.0,15.0,22.0,24.0,29.0,29.0,13.0,16.0,balanced
Roserade,poison,0,36.0,27.0,23.0,62.0,40.0,49.0,62.0,23.0,39.0,mixed
Roserade,grass,0,36.0,27.0,23.0,62.0,40.0,49.0,62.0,23.0,39.0,mixed
Cranidos,rock,0,67.0,16.0,26.0,11.0,5.0,30.0,67.0,5.0,62.0,specialist
Rampardos,rock,0,89.0,24.0,38.0,30.0,14.0,30.0,89.0,14.0,75.0,specialist
Shieldon,steel,0,21.0,50.0,11.0,17.0,32.0,14.0,50.0,11.0,39.0,mixed
Shieldon,rock,0,21.0,50.0,11.0,17.0,32.0,14.0,50.0,11.0,39.0,mixed
Bastiodon,steel,0,26.0,72.0,23.0,20.0,56.0,14.0,72.0,14.0,58.0,specialist
Bastiodon,rock,0,26.0,72.0,23.0,20.0,56.0,14.0,72.0,14.0,58.0,specialist
Burmy,bug,0,13.0,18.0,15.0,10.0,12.0,18.0,18.0,10.0,8.0,balanced
Wormadam,grass,0,36.0,40.0,23.0,32.0,36.0,18.0,40.0,18.0,22.0,balanced
Wormadam,bug,0,36.0,40.0,23.0,32.0,36.0,18.0,40.0,18.0,22.0,balanced
Mothim,flying,0,49.0,20.0,27.0,46.0,14.0,35.0,49.0,14.0,35.0,mixed
Mothim,bug,0,49.0,20.0,27.0,46.0,14.0,35.0,49.0,14.0,35.0,mixed
Combee,flying,0,14.0,16.0,11.0,11.0,10.0,37.0,37.0,10.0,27.0,mixed
Combee,bug,0,14.0,16.0,11.0,11.0,10.0,37.0,37.0,10.0,27.0,mixed
Vespiquen,flying,0,42.0,43.0,27.0,38.0,39.0,20.0,43.0,20.0,23.0,balanced
Vespiquen,bug,0,42.0,43.0,27.0,38.0,39.0,20.0,43.0,20.0,23.0,balanced
Pachirisu,electric,0,22.0,29.0,23.0,19.0,33.0,51.0,51.0,19.0,32.0,mixed
Buizel,water,0,33.0,13.0,21.0,27.0,5.0,46.0,46.0,5.0,41.0,specialist
Floatzel,water,0,56.0,22.0,33.0,41.0,14.0,63.0,63.0,14.0,49.0,specialist
Cherubi,grass,0,17.0,18.0,17.0,28.0,16.0,17.0,28.0,16.0,12.0,balanced
Cherrim,grass,0,31.0,29.0,27.0,42.0,28.0,46.0,46.0,27.0,19.0,balanced
Shellos,water,0,24.0,19.0,30.0,26.0,20.0,17.0,30.0,17.0,13.0,balanced
Gastrodon,ground,0,43.0,28.0,43.0,45.0,30.0,19.0,45.0,19.0,26.0,mixed
Gastrodon,water,0,43.0,28.0,43.0,45.0,30.0,19.0,45.0,19.0,26.0,mixed
Ambipom,normal,0,53.0,27.0,29.0,27.0,22.0,63.0,63.0,22.0,41.0,specialist
Drifloon,flying,0,25.0,13.0,35.0,27.0,11.0,37.0,37.0,11.0,26.0,mixed
Drifloon,ghost,0,25.0,13.0,35.0,27.0,11.0,37.0,37.0,11.0,26.0,mixed
Drifblim,flying,0,42.0,17.0,59.0,43.0,16.0,43.0,59.0,16.0,43.0,specialist
Drifblim,ghost,0,42.0,17.0,59.0,43.0,16.0,43.0,59.0,16.0,43.0,specialist
Buneary,normal,0,34.0,17.0,21.0,18.0,17.0,46.0,46.0,17.0,29.0,mixed
Lopunny,normal,0,73.0,40.0,25.0,24.0,36.0,74.0,74.0,24.0,50.0,specialist
Mismagius,ghost,0,31.0,24.0,23.0,52.0,40.0,57.0,57.0,23.0,34.0,mixed
Honchkrow,flying,0,67.0,21.0,39.0,52.0,15.0,38.0,67.0,15.0,52.0,specialist
Honchkrow,dark,0,67.0,21.0,39.0,52.0,15.0,38.0,67.0,15.0,52.0,specialist
Glameow,normal,0,28.0,16.0,19.0,17.0,8.0,46.0,46.0,8.0,38.0,mixed
Purugly,normal,0,43.0,26.0,28.0,29.0,19.0,61.0,61.0,19.0,42.0,specialist
Chingling,psychic,0,14.0,20.0,17.0,30.0,14.0,23.0,30.0,14.0,16.0,balanced
Stunky,dark,0,32.0,19.0,24.0,17.0,10.0,39.0,39.0,10.0,29.0,mixed
Stunky,poison,0,32.0,19.0,24.0,17.0,10.0,39.0,39.0,10.0,29.0,mixed
Skuntank,dark,0,49.0,28.0,40.0,33.0,20.0,45.0,49.0,20.0,29.0,mixed
Skuntank,poison,0,49.0,28.0,40.0,33.0,20.0,45.0,49.0,20.0,29.0,mixed
Bronzor,psychic,0,11.0,36.0,22.0,8.0,31.0,10.0,36.0,8.0,28.0,mixed
Bronzor,steel,0,11.0,36.0,22.0,8.0,31.0,10.0,36.0,8.0,28.0,mixed
Bronzong,psychic,0,47.0,49.0,26.0,38.0,46.0,16.0,49.0,16.0,33.0,mixed
Bronzong,steel,0,47.0,49.0,26.0,38.0,46.0,16.0,49.0,16.0,33.0,mixed
Bonsly,rock,0,42.0,40.0,19.0,0.0,12.0,3.0,42.0,0.0,42.0,specialist
Mime Jr.,fairy,0,11.0,18.0,7.0,33.0,33.0,31.0,33.0,7.0,26.0,mixed
Mime Jr.,psychic,0,11.0,18.0,7.0,33.0,33.0,31.0,33.0,7.0,26.0,mixed
Happiny,normal,0,0.0,0.0,39.0,3.0,21.0,14.0,39.0,0.0,39.0,mixed
Chatot,flying,0,33.0,18.0,30.0,45.0,10.0,49.0,49.0,10.0,39.0,mixed
Chatot,normal,0,33.0,18.0,30.0,45.0,10.0,49.0,49.0,10.0,39.0,mixed
Spiritomb,dark,0,48.0,46.0,19.0,45.0,42.0,17.0,48.0,17.0,31.0,mixed
Spiritomb,ghost,0,48.0,46.0,19.0,45.0,42.0,17.0,48.0,17.0,31.0,mixed
Gible,ground,0,36.0,18.0,22.0,16.0,12.0,21.0,36.0,12.0,24.0,balanced
Gible,dragon,0,36.0,18.0,22.0,16.0,12.0,21.0,36.0,12.0,24.0,balanced
Gabite,ground,0,47.0,27.0,26.0,22.0,17.0,44.0,47.0,17.0,30.0,mixed
Gabite,dragon,0,47.0,27.0,26.0,22.0,17.0,44.0,47.0,17.0,30.0,mixed
Garchomp,ground,0,92.0,49.0,42.0,60.0,36.0,50.0,92.0,36.0,56.0,specialist
Garchomp,dragon,0,92.0,49.0,42.0,60.0,36.0,50.0,92.0,36.0,56.0,specialist
Munchlax,normal,0,44.0,16.0,53.0,16.0,31.0,0.0,53.0,0.0,53.0,specialist
Riolu,fighting,0,36.0,16.0,15.0,14.0,10.0,31.0,36.0,10.0,26.0,mixed
Lucario,steel,0,78.0,37.0,27.0,71.0,24.0,61.0,78.0,24.0,54.0,specialist
Lucario,fighting,0,78.0,37.0,27.0,71.0,24.0,61.0,78.0,24.0,54.0,specialist
Hippopotas,ground,0,37.0,32.0,26.0,15.0,10.0,15.0,37.0,10.0,27.0,mixed
Hippowdon,ground,0,59.0,50.0,42.0,32.0,25.0,24.0,59.0,24.0,35.0,mixed
Skorupi,bug,0,25.0,38.0,15.0,11.0,17.0,34.0,38.0,11.0,27.0,mixed
Skorupi,poison,0,25.0,38.0,15.0,11.0,17.0,34.0,38.0,11.0,27.0,mixed
Drapion,dark,0,47.0,47.0,27.0,27.0,26.0,51.0,51.0,26.0,25.0,mixed
Drapion,poison,0,47.0,47.0,27.0,27.0,26.0,51.0,51.0,26.0,25.0,mixed
Croagunk,fighting,0,31.0,16.0,19.0,28.0,10.0,26.0,31.0,10.0,21.0,balanced
Croagunk,poison,0,31.0,16.0,19.0,28.0,10.0,26.0,31.0,10.0,21.0,balanced
Toxicroak,fighting,0,56.0,27.0,32.0,41.0,21.0,46.0,56.0,21.0,35.0,mixed
Toxicroak,poison,0,56.0,27.0,32.0,41.0,21.0,46.0,56.0,21.0,35.0,mixed
Carnivine,grass,0,53.0,30.0,29.0,43.0,25.0,23.0,53.0,23.0,30.0,mixed
Finneon,water,0,24.0,23.0,19.0,21.0,20.0,35.0,35.0,19.0,16.0,balanced
Lumineon,water,0,36.0,32.0,27.0,32.0,31.0,49.0,49.0,27.0,22.0,balanced
Mantyke,flying,0,8.0,20.0,17.0,27.0,48.0,26.0,48.0,8.0,40.0,specialist
Mantyke,water,0,8.0,20.0,17.0,27.0,48.0,26.0,48.0,8.0,40.0,specialist
Snover,ice,0,32.0,20.0,23.0,28.0,19.0,20.0,32.0,19.0,13.0,balanced
Snover,grass,0,32.0,20.0,23.0,28.0,19.0,20.0,32.0,19.0,13.0,balanced
Abomasnow,ice,0,71.0,44.0,35.0,66.0,40.0,14.0,71.0,14.0,57.0,specialist
Abomasnow,grass,0,71.0,44.0,35.0,66.0,40.0,14.0,71.0,14.0,57.0,specialist
Weavile,ice,0,64.0,27.0,27.0,19.0,31.0,69.0,69.0,19.0,50.0,specialist
Weavile,dark,0,64.0,27.0,27.0,19.0,31.0,69.0,69.0,19.0,50.0,specialist
Magnezone,steel,0,36.0,49.0,27.0,65.0,33.0,31.0,65.0,27.0,38.0,mixed
Magnezone,electric,0,36.0,49.0,27.0,65.0,33.0,31.0,65.0,27.0,38.0,mixed
Lickilicky,normal,0,44.0,40.0,43.0,38.0,36.0,26.0,44.0,26.0,18.0,balanced
Rhyperior,rock,0,75.0,56.0,45.0,24.0,17.0,20.0,75.0,17.0,58.0,specialist
Rhyperior,ground,0,75.0,56.0,45.0,24.0,17.0,20.0,75.0,17.0,58.0,specialist
Tangrowth,grass,0,53.0,53.0,39.0,54.0,14.0,26.0,54.0,14.0,40.0,specialist
Electivire,electric,0,66.0,28.0,29.0,46.0,31.0,51.0,66.0,28.0,38.0,mixed
Magmortar,fire,0,50.0,28.0,29.0,62.0,36.0,45.0,62.0,28.0,34.0,mixed
Togekiss,flying,0,25.0,40.0,33.0,60.0,45.0,43.0,60.0,25.0,35.0,mixed
Togekiss,fairy,0,25.0,40.0,33.0,60.0,45.0,43.0,60.0,25.0,35.0,mixed
Yanmega,flying,0,39.0,36.0,33.0,58.0,17.0,51.0,58.0,17.0,41.0,specialist
Yanmega,bug,0,39.0,36.0,33.0,58.0,17.0,51.0,58.0,17.0,41.0,specialist
Leafeon,grass,0,58.0,56.0,25.0,27.0,21.0,51.0,58.0,21.0,37.0,mixed
Glaceon,ice,0,31.0,47.0,25.0,65.0,36.0,34.0,65.0,25.0,40.0,specialist
Gliscor,flying,0,50.0,53.0,29.0,19.0,26.0,51.0,53.0,19.0,34.0,mixed
Gliscor,ground,0,50.0,53.0,29.0,19.0,26.0,51.0,53.0,19.0,34.0,mixed
Mamoswine,ground,0,69.0,33.0,43.0,33.0,19.0,43.0,69.0,19.0,50.0,specialist
Mamoswine,ice,0,69.0,33.0,43.0,33.0,19.0,43.0,69.0,19.0,50.0,specialist
Porygon-Z,normal,0,42.0,29.0,33.0,68.0,26.0,49.0,68.0,26.0,42.0,specialist
Gallade,fighting,0,89.0,40.0,26.0,30.0,45.0,60.0,89.0,26.0,63.0,specialist
Gallade,psychic,0,89.0,40.0,26.0,30.0,45.0,60.0,89.0,26.0,63.0,specialist
Probopass,steel,0,28.0,62.0,23.0,35.0,62.0,20.0,62.0,20.0,42.0,specialist
Probopass,rock,0,28.0,62.0,23.0,35.0,62.0,20.0,62.0,20.0,42.0,specialist
Dusknoir,ghost,0,53.0,58.0,17.0,30.0,55.0,23.0,58.0,17.0,41.0,specialist
Froslass,ghost,0,42.0,29.0,27.0,38.0,24.0,60.0,60.0,24.0,36.0,mixed
Froslass,ice,0,42.0,29.0,27.0,38.0,24.0,60.0,60.0,24.0,36.0,mixed
Rotom,ghost,0,33.0,45.0,19.0,52.0,41.0,46.0,52.0,19.0,33.0,mixed
Rotom,electric,0,33.0,45.0,19.0,52.0,41.0,46.0,52.0,19.0,33.0,mixed
Uxie,psychic,1,39.0,56.0,29.0,35.0,52.0,51.0,56.0,29.0,27.0,mixed
Mesprit,psychic,1,56.0,44.0,31.0,52.0,40.0,43.0,56.0,31.0,25.0,mixed
Azelf,psychic,1,67.0,29.0,29.0,62.0,24.0,63.0,67.0,24.0,43.0,specialist
Dialga,dragon,1,64.0,51.0,39.0,76.0,38.0,49.0,76.0,38.0,38.0,mixed
Dialga,steel,1,64.0,51.0,39.0,76.0,38.0,49.0,76.0,38.0,38.0,mixed
Palkia,dragon,1,64.0,42.0,35.0,76.0,48.0,54.0,76.0,35.0,41.0,specialist
Palkia,water,1,64.0,42.0,35.0,76.0,48.0,54.0,76.0,35.0,41.0,specialist
Heatran,steel,1,47.0,45.0,35.0,65.0,41.0,41.0,65.0,35.0,30.0,mixed
Heatran,fire,1,47.0,45.0,35.0,65.0,41.0,41.0,65.0,35.0,30.0,mixed
Regigigas,normal,1,86.0,47.0,43.0,38.0,43.0,54.0,86.0,38.0,48.0,specialist
Giratina,dragon,1,64.0,42.0,59.0,60.0,38.0,49.0,64.0,38.0,26.0,mixed
Giratina,ghost,1,64.0,42.0,59.0,60.0,38.0,49.0,64.0,38.0,26.0,mixed
Cresselia,psychic,1,36.0,51.0,47.0,35.0,52.0,46.0,52.0,35.0,17.0,balanced
Phione,water,0,42.0,33.0,31.0,38.0,29.0,43.0,43.0,29.0,14.0,balanced
Manaphy,water,1,53.0,42.0,39.0,49.0,38.0,54.0,54.0,38.0,16.0,balanced
Darkrai,dark,1,47.0,38.0,27.0,68.0,33.0,69.0,69.0,27.0,42.0,specialist
Shaymin,grass,1,54.0,31.0,39.0,60.0,26.0,70.0,70.0,26.0,44.0,specialist
Arceus,normal,1,64.0,51.0,47.0,60.0,48.0,66.0,66.0,47.0,19.0,balanced
Victini,fire,1,53.0,42.0,39.0,49.0,38.0,54.0,54.0,38.0,16.0,balanced
Victini,psychic,1,53.0,42.0,39.0,49.0,38.0,54.0,54.0,38.0,16.0,balanced
Snivy,grass,0,22.0,22.0,17.0,19.0,17.0,33.0,33.0,17.0,16.0,balanced
Servine,grass,0,31.0,31.0,23.0,27.0,26.0,45.0,45.0,23.0,22.0,balanced
Serperior,grass,0,39.0,40.0,29.0,35.0,36.0,62.0,62.0,29.0,33.0,mixed
Tepig,fire,0,32.0,18.0,25.0,19.0,12.0,23.0,32.0,12.0,20.0,balanced
Pignite,fighting,0,49.0,22.0,35.0,33.0,17.0,29.0,49.0,17.0,32.0,mixed
Pignite,fire,0,49.0,22.0,35.0,33.0,17.0,29.0,49.0,17.0,32.0,mixed
Emboar,fighting,0,66.0,27.0,43.0,49.0,21.0,34.0,66.0,21.0,45.0,specialist
Emboar,fire,0,66.0,27.0,43.0,49.0,21.0,34.0,66.0,21.0,45.0,specialist
Oshawott,water,0,28.0,18.0,21.0,29.0,12.0,23.0,29.0,12.0,17.0,balanced
Dewott,water,0,39.0,24.0,29.0,40.0,19.0,31.0,40.0,19.0,21.0,balanced
Samurott,water,0,53.0,36.0,37.0,53.0,24.0,37.0,53.0,24.0,29.0,mixed
Patrat,normal,0,28.0,15.0,17.0,14.0,9.0,21.0,28.0,9.0,19.0,balanced
Watchog,normal,0,44.0,28.0,23.0,27.0,23.0,41.0,44.0,23.0,21.0,balanced
Lillipup,normal,0,31.0,18.0,17.0,8.0,12.0,29.0,31.0,8.0,23.0,balanced
Herdier,normal,0,42.0,27.0,25.0,14.0,21.0,31.0,42.0,14.0,28.0,mixed
Stoutland,normal,0,58.0,38.0,33.0,19.0,33.0,43.0,58.0,19.0,39.0,mixed
Purrloin,dark,0,25.0,14.0,16.0,22.0,8.0,35.0,35.0,8.0,27.0,mixed
Liepard,dark,0,46.0,20.0,25.0,42.0,14.0,58.0,58.0,14.0,44.0,specialist
Pansage,grass,0,27.0,19.0,19.0,23.0,13.0,34.0,34.0,13.0,21.0,balanced
Simisage,grass,0,52.0,26.0,29.0,48.0,20.0,55.0,55.0,20.0,35.0,mixed
Pansear,fire,0,27.0,19.0,19.0,23.0,13.0,34.0,34.0,13.0,21.0,balanced
Simisear,fire,0,52.0,26.0,29.0,48.0,20.0,55.0,55.0,20.0,35.0,mixed
Panpour,water,0,27.0,19.0,19.0,23.0,13.0,34.0,34.0,13.0,21.0,balanced
Simipour,water,0,52.0,26.0,29.0,48.0,20.0,55.0,55.0,20.0,35.0,mixed
Munna,psychic,0,11.0,18.0,30.0,31.0,17.0,11.0,31.0,11.0,20.0,balanced
Musharna,psychic,0,28.0,36.0,45.0,53.0,36.0,14.0,53.0,14.0,39.0,mixed
Pidove,flying,0,28.0,20.0,19.0,14.0,5.0,22.0,28.0,5.0,23.0,balanced
Pidove,normal,0,28.0,20.0,19.0,14.0,5.0,22.0,28.0,5.0,23.0,balanced
Tranquill,flying,0,40.0,25.0,24.0,22.0,10.0,34.0,40.0,10.0,30.0,mixed
Tranquill,normal,0,40.0,25.0,24.0,22.0,10.0,34.0,40.0,10.0,30.0,mixed
Unfezant,flying,0,61.0,33.0,31.0,30.0,17.0,50.0,61.0,17.0,44.0,specialist
Unfezant,normal,0,61.0,33.0,31.0,30.0,17.0,50.0,61.0,17.0,44.0,specialist
Blitzle,electric,0,31.0,12.0,17.0,22.0,6.0,41.0,41.0,6.0,35.0,mixed
Zebstrika,electric,0,53.0,26.0,29.0,38.0,20.0,63.0,63.0,20.0,43.0,specialist
Roggenrola,rock,0,39.0,36.0,21.0,8.0,2.0,6.0,39.0,2.0,37.0,mixed
Boldore,rock,0,56.0,44.0,27.0,22.0,10.0,9.0,56.0,9.0,47.0,specialist
Gigalith,rock,0,72.0,56.0,33.0,27.0,29.0,11.0,72.0,11.0,61.0,specialist
Woobat,flying,0,22.0,17.0,25.0,24.0,11.0,38.0,38.0,11.0,27.0,mixed
Woobat,psychic,0,22.0,17.0,25.0,24.0,11.0,38.0,38.0,11.0,27.0,mixed
Swoobat,flying,0,29.0,22.0,26.0,36.0,17.0,62.0,62.0,17.0,45.0,specialist
Swoobat,psychic,0,29.0,22.0,26.0,36.0,17.0,62.0,62.0,17.0,45.0,specialist
Drilbur,ground,0,44.0,16.0,23.0,11.0,12.0,36.0,44.0,11.0,33.0,mixed
Excadrill,steel,0,72.0,24.0,43.0,22.0,21.0,47.0,72.0,21.0,51.0,specialist
Excadrill,ground,0,72.0,24.0,43.0,22.0,21.0,47.0,72.0,21.0,51.0,specialist
Audino,normal,0,31.0,54.0,40.0,38.0,50.0,26.0,54.0,26.0,28.0,mixed
Timburr,fighting,0,42.0,22.0,29.0,8.0,7.0,17.0,42.0,7.0,35.0,mixed
Gurdurr,fighting,0,56.0,36.0,33.0,16.0,14.0,20.0,56.0,14.0,42.0,specialist
Conkeldurr,fighting,0,75.0,40.0,41.0,24.0,21.0,23.0,75.0,21.0,54.0,specialist
Tympole,water,0,25.0,16.0,19.0,22.0,10.0,34.0,34.0,10.0,24.0,balanced
Palpitoad,ground,0,33.0,22.0,29.0,30.0,17.0,37.0,37.0,17.0,20.0,balanced
Palpitoad,water,0,33.0,22.0,29.0,30.0,17.0,37.0,37.0,17.0,20.0,balanced
Seismitoad,ground,0,50.0,31.0,41.0,41.0,26.0,39.0,50.0,26.0,24.0,balanced
Seismitoad,water,0,50.0,31.0,41.0,41.0,26.0,39.0,50.0,26.0,24.0,balanced
Throh,fighting,0,53.0,36.0,47.0,11.0,31.0,23.0,53.0,11.0,42.0,specialist
Sawk,fighting,0,67.0,31.0,29.0,11.0,26.0,46.0,67.0,11.0,56.0,specialist
Sewaddle,grass,0,27.0,29.0,17.0,16.0,19.0,21.0,29.0,16.0,13.0,balanced
Sewaddle,bug,0,27.0,29.0,17.0,16.0,19.0,21.0,29.0,16.0,13.0,balanced
Swadloon,grass,0,32.0,38.0,21.0,22.0,29.0,21.0,38.0,21.0,17.0,balanced
Swadloon,bug,0,32.0,38.0,21.0,22.0,29.0,21.0,38.0,21.0,17.0,balanced
Leavanny,grass,0,54.0,33.0,29.0,33.0,29.0,50.0,54.0,29.0,25.0,mixed
Leavanny,bug,0,54.0,33.0,29.0,33.0,29.0,50.0,54.0,29.0,25.0,mixed
Venipede,poison,0,22.0,24.0,11.0,11.0,9.0,30.0,30.0,9.0,21.0,balanced
Venipede,bug,0,22.0,24.0,11.0,11.0,9.0,30.0,30.0,9.0,21.0,balanced
Whirlipede,poison,0,28.0,42.0,15.0,16.0,28.0,24.0,42.0,15.0,27.0,mixed
Whirlipede,bug,0,28.0,42.0,15.0,16.0,28.0,24.0,42.0,15.0,27.0,mixed
Scolipede,poison,0,53.0,37.0,23.0,24.0,23.0,61.0,61.0,23.0,38.0,mixed
Scolipede,bug,0,53.0,37.0,23.0,24.0,23.0,61.0,61.0,23.0,38.0,mixed
Cottonee,fairy,0,12.0,24.0,15.0,15.0,14.0,35.0,35.0,12.0,23.0,balanced
Cottonee,grass,0,12.0,24.0,15.0,15.0,14.0,35.0,35.0,12.0,23.0,balanced
Whimsicott,fairy,0,34.0,36.0,23.0,36.0,26.0,63.0,63.0,23.0,40.0,specialist
Whimsicott,grass,0,34.0,36.0,23.0,36.0,26.0,63.0,63.0,23.0,40.0,specialist
Petilil,grass,0,17.0,20.0,17.0,33.0,14.0,14.0,33.0,14.0,19.0,balanced
Lilligant,grass,0,31.0,31.0,27.0,54.0,26.0,49.0,54.0,26.0,28.0,mixed
Basculin,water,0,48.0,27.0,27.0,38.0,17.0,53.0,53.0,17.0,36.0,mixed
Sandile,dark,0,37.0,13.0,19.0,14.0,7.0,34.0,37.0,7.0,30.0,mixed
Sandile,ground,0,37.0,13.0,19.0,14.0,7.0,34.0,37.0,7.0,30.0,mixed
Krokorok,dark,0,43.0,18.0,23.0,19.0,12.0,39.0,43.0,12.0,31.0,mixed
Krokorok,ground,0,43.0,18.0,23.0,19.0,12.0,39.0,43.0,12.0,31.0,mixed
Krookodile,dark,0,62.0,33.0,37.0,30.0,24.0,50.0,62.0,24.0,38.0,mixed
Krookodile,ground,0,62.0,33.0,37.0,30.0,24.0,50.0,62.0,24.0,38.0,mixed
Darumaka,fire,0,47.0,18.0,27.0,3.0,12.0,26.0,47.0,3.0,44.0,specialist
Darmanitan,fire,0,14.0,44.0,41.0,71.0,40.0,29.0,71.0,14.0,57.0,specialist
Maractus,grass,0,45.0,28.0,29.0,52.0,22.0,31.0,52.0,22.0,30.0,mixed
Dwebble,rock,0,33.0,36.0,19.0,14.0,7.0,29.0,36.0,7.0,29.0,mixed
Dwebble,bug,0,33.0,36.0,19.0,14.0,7.0,29.0,36.0,7.0,29.0,mixed
Crustle,rock,0,56.0,53.0,27.0,30.0,26.0,23.0,56.0,23.0,33.0,mixed
Crustle,bug,0,56.0,53.0,27.0,30.0,26.0,23.0,56.0,23.0,33.0,mixed
Scraggy,fighting,0,39.0,29.0,19.0,14.0,24.0,25.0,39.0,14.0,25.0,mixed
Scraggy,dark,0,39.0,29.0,19.0,14.0,24.0,25.0,39.0,14.0,25.0,mixed
Scrafty,fighting,0,47.0,49.0,25.0,19.0,45.0,30.0,49.0,19.0,30.0,mixed
Scrafty,dark,0,47.0,49.0,25.0,19.0,45.0,30.0,49.0,19.0,30.0,mixed
Sigilyph,flying,0,29.0,33.0,28.0,51.0,29.0,53.0,53.0,28.0,25.0,mixed
Sigilyph,psychic,0,29.0,33.0,28.0,51.0,29.0,53.0,53.0,28.0,25.0,mixed
Yamask,ghost,0,14.0,36.0,15.0,24.0,21.0,14.0,36.0,14.0,22.0,balanced
Cofagrigus,ghost,0,25.0,62.0,22.0,46.0,40.0,14.0,62.0,14.0,48.0,specialist
Tirtouga,rock,0,41.0,44.0,21.0,23.0,12.0,10.0,44.0,10.0,34.0,mixed
Tirtouga,water,0,41.0,44.0,21.0,23.0,12.0,10.0,44.0,10.0,34.0,mixed
Carracosta,rock,0,57.0,57.0,29.0,40.0,21.0,15.0,57.0,15.0,42.0,specialist
Carracosta,water,0,57.0,57.0,29.0,40.0,21.0,15.0,57.0,15.0,42.0,specialist
Archen,flying,0,59.0,18.0,21.0,35.0,12.0,37.0,59.0,12.0,47.0,specialist
Archen,rock,0,59.0,18.0,21.0,35.0,12.0,37.0,59.0,12.0,47.0,specialist
Archeops,flying,0,75.0,27.0,29.0,55.0,21.0,60.0,75.0,21.0,54.0,specialist
Archeops,rock,0,75.0,27.0,29.0,55.0,21.0,60.0,75.0,21.0,54.0,specialist
Trubbish,poison,0,25.0,25.0,19.0,16.0,20.0,34.0,34.0,16.0,18.0,balanced
Garbodor,poison,0,50.0,34.0,31.0,27.0,30.0,40.0,50.0,27.0,23.0,balanced
Zorua,dark,0,33.0,16.0,15.0,38.0,10.0,34.0,38.0,10.0,28.0,mixed
Zoroark,dark,0,56.0,24.0,23.0,60.0,19.0,57.0,60.0,19.0,41.0,specialist
Minccino,normal,0,25.0,16.0,21.0,16.0,10.0,40.0,40.0,10.0,30.0,mixed
Cinccino,normal,0,50.0,24.0,29.0,30.0,19.0,63.0,63.0,19.0,44.0,specialist
Gothita,psychic,0,14.0,20.0,17.0,24.0,21.0,23.0,24.0,14.0,10.0,balanced
Gothorita,psychic,0,22.0,29.0,23.0,35.0,31.0,29.0,35.0,22.0,13.0,balanced
Gothitelle,psychic,0,28.0,40.0,27.0,46.0,43.0,34.0,46.0,27.0,19.0,balanced
Solosis,psychic,0,14.0,16.0,17.0,52.0,14.0,9.0,52.0,9.0,43.0,specialist
Duosion,psychic,0,19.0,20.0,25.0,62.0,19.0,14.0,62.0,14.0,48.0,specialist
Reuniclus,psychic,0,33.0,31.0,43.0,62.0,31.0,14.0,62.0,14.0,48.0,specialist
Ducklett,flying,0,22.0,20.0,24.0,18.0,14.0,29.0,29.0,14.0,15.0,balanced
Ducklett,water,0,22.0,20.0,24.0,18.0,14.0,29.0,29.0,14.0,15.0,balanced
Swanna,flying,0,46.0,26.0,29.0,42.0,20.0,53.0,53.0,20.0,33.0,mixed
Swanna,water,0,46.0,26.0,29.0,42.0,20.0,53.0,53.0,20.0,33.0,mixed
Vanillite,ice,0,25.0,20.0,14.0,30.0,19.0,22.0,30.0,14.0,16.0,balanced
Vanillish,ice,0,33.0,27.0,20.0,38.0,26.0,31.0,38.0,20.0,18.0,balanced
Vanilluxe,ice,0,50.0,36.0,28.0,54.0,36.0,42.0,54.0,28.0,26.0,mixed
Deerling,grass,0,31.0,20.0,23.0,16.0,14.0,40.0,40.0,14.0,26.0,mixed
Deerling,normal,0,31.0,20.0,23.0,16.0,14.0,40.0,40.0,14.0,26.0,mixed
Sawsbuck,grass,0,53.0,29.0,31.0,27.0,24.0,51.0,53.0,24.0,29.0,mixed
Sawsbuck,normal,0,53.0,29.0,31.0,27.0,24.0,51.0,53.0,24.0,29.0,mixed
Emolga,flying,0,39.0,24.0,21.0,35.0,19.0,56.0,56.0,19.0,37.0,mixed
Emolga,electric,0,39.0,24.0,21.0,35.0,19.0,56.0,56.0,19.0,37.0,mixed
Karrablast,bug,0,39.0,18.0,19.0,16.0,12.0,31.0,39.0,12.0,27.0,mixed
Escavalier,steel,0,72.0,44.0,27.0,27.0,40.0,9.0,72.0,9.0,63.0,specialist
Escavalier,bug,0,72.0,44.0,27.0,27.0,40.0,9.0,72.0,9.0,63.0,specialist
Foongus,poison,0,28.0,18.0,27.0,24.0,17.0,6.0,28.0,6.0,22.0,balanced
Foongus,grass,0,28.0,18.0,27.0,24.0,17.0,6.0,28.0,6.0,22.0,balanced
Amoonguss,poison,0,44.0,29.0,44.0,41.0,29.0,14.0,44.0,14.0,30.0,mixed
Amoonguss,grass,0,44.0,29.0,44.0,41.0,29.0,14.0,44.0,14.0,30.0,mixed
Frillish,ghost,0,19.0,20.0,21.0,30.0,31.0,20.0,31.0,19.0,12.0,balanced
Frillish,water,0,19.0,20.0,21.0,30.0,31.0,20.0,31.0,19.0,12.0,balanced
Jellicent,ghost,0,31.0,29.0,39.0,41.0,40.0,31.0,41.0,29.0,12.0,balanced
Jellicent,water,0,31.0,29.0,39.0,41.0,40.0,31.0,41.0,29.0,12.0,balanced
Alomomola,water,0,39.0,33.0,65.0,16.0,12.0,34.0,65.0,12.0,53.0,specialist
Joltik,electric,0,23.0,20.0,19.0,26.0,14.0,34.0,34.0,14.0,20.0,balanced
Joltik,bug,0,23.0,20.0,19.0,26.0,14.0,34.0,34.0,14.0,20.0,balanced
Galvantula,electric,0,40.0,24.0,27.0,47.0,19.0,59.0,59.0,19.0,40.0,specialist
Galvantula,bug,0,40.0,24.0,27.0,47.0,19.0,59.0,59.0,19.0,40.0,specialist
Ferroseed,steel,0,25.0,38.0,17.0,8.0,31.0,3.0,38.0,3.0,35.0,mixed
Ferroseed,grass,0,25.0,38.0,17.0,8.0,31.0,3.0,38.0,3.0,35.0,mixed
Ferrothorn,steel,0,49.0,56.0,29.0,24.0,46.0,9.0,56.0,9.0,47.0,specialist
Ferrothorn,grass,0,49.0,56.0,29.0,24.0,46.0,9.0,56.0,9.0,47.0,specialist
Klink,steel,0,28.0,29.0,15.0,19.0,19.0,14.0,29.0,14.0,15.0,balanced
Klang,steel,0,42.0,40.0,23.0,33.0,31.0,26.0,42.0,23.0,19.0,balanced
Klinklang,steel,0,53.0,49.0,23.0,33.0,31.0,49.0,53.0,23.0,30.0,mixed
Tynamo,electric,0,28.0,16.0,13.0,19.0,10.0,31.0,31.0,10.0,21.0,balanced
Eelektrik,electric,0,44.0,29.0,25.0,35.0,24.0,20.0,44.0,20.0,24.0,balanced
Eelektross,electric,0,61.0,33.0,33.0,52.0,29.0,26.0,61.0,26.0,35.0,mixed
Elgyem,psychic,0,28.0,22.0,21.0,41.0,17.0,14.0,41.0,14.0,27.0,mixed
Beheeyem,psychic,0,39.0,31.0,29.0,62.0,36.0,20.0,62.0,20.0,42.0,specialist
Litwick,fire,0,14.0,22.0,19.0,30.0,17.0,9.0,30.0,9.0,21.0,balanced
Litwick,ghost,0,14.0,22.0,19.0,30.0,17.0,9.0,30.0,9.0,21.0,balanced
Lampent,fire,0,19.0,24.0,23.0,46.0,19.0,29.0,46.0,19.0,27.0,mixed
Lampent,ghost,0,19.0,24.0,23.0,46.0,19.0,29.0,46.0,19.0,27.0,mixed
Chandelure,fire,0,28.0,38.0,23.0,73.0,33.0,43.0,73.0,23.0,50.0,specialist
Chandelure,ghost,0,28.0,38.0,23.0,73.0,33.0,43.0,73.0,23.0,50.0,specialist
Axew,dragon,0,46.0,24.0,18.0,11.0,10.0,30.0,46.0,10.0,36.0,mixed
Fraxure,dragon,0,62.0,29.0,26.0,16.0,14.0,35.0,62.0,14.0,48.0,specialist
Haxorus,dragon,0,79.0,38.0,30.0,27.0,24.0,53.0,79.0,24.0,55.0,specialist
Cubchoo,ice,0,36.0,16.0,21.0,27.0,10.0,20.0,36.0,10.0,26.0,mixed
Beartic,ice,0,69.0,33.0,37.0,33.0,29.0,26.0,69.0,26.0,43.0,specialist
Cryogonal,ice,0,25.0,20.0,31.0,46.0,55.0,57.0,57.0,20.0,37.0,mixed
Shelmet,bug,0,19.0,36.0,19.0,16.0,21.0,11.0,36.0,11.0,25.0,mixed
Accelgor,bug,0,36.0,16.0,31.0,49.0,19.0,80.0,80.0,16.0,64.0,specialist
Stunfisk,electric,0,34.0,35.0,43.0,39.0,38.0,15.0,43.0,15.0,28.0,mixed
Stunfisk,ground,0,34.0,35.0,43.0,39.0,38.0,15.0,43.0,15.0,28.0,mixed
Mienfoo,fighting,0,44.0,20.0,17.0,24.0,14.0,34.0,44.0,14.0,30.0,mixed
Mienshao,fighting,0,67.0,24.0,25.0,46.0,19.0,57.0,67.0,19.0,48.0,specialist
Druddigon,dragon,0,64.0,38.0,30.0,27.0,33.0,25.0,64.0,25.0,39.0,mixed
Golett,ghost,0,38.0,20.0,23.0,14.0,14.0,17.0,38.0,14.0,24.0,balanced
Golett,ground,0,38.0,20.0,23.0,14.0,14.0,17.0,38.0,14.0,24.0,balanced
Golurk,ghost,0,66.0,33.0,35.0,24.0,29.0,29.0,66.0,24.0,42.0,specialist
Golurk,ground,0,66.0,33.0,35.0,24.0,29.0,29.0,66.0,24.0,42.0,specialist
Pawniard,steel,0,44.0,29.0,17.0,16.0,10.0,31.0,44.0,10.0,34.0,mixed
Pawniard,dark,0,44.0,29.0,17.0,16.0,10.0,31.0,44.0,10.0,34.0,mixed
Bisharp,steel,0,67.0,42.0,25.0,27.0,24.0,37.0,67.0,24.0,43.0,specialist
Bisharp,dark,0,67.0,42.0,25.0,27.0,24.0,37.0,67.0,24.0,43.0,specialist
Bouffalant,normal,0,58.0,40.0,37.0,16.0,36.0,29.0,58.0,16.0,42.0,specialist
Rufflet,flying,0,43.0,20.0,27.0,15.0,14.0,31.0,43.0,14.0,29.0,mixed
Rufflet,normal,0,43.0,20.0,27.0,15.0,14.0,31.0,43.0,14.0,29.0,mixed
Braviary,flying,0,66.0,31.0,39.0,26.0,26.0,43.0,66.0,26.0,40.0,specialist
Braviary,normal,0,66.0,31.0,39.0,26.0,26.0,43.0,66.0,26.0,40.0,specialist
Vullaby,flying,0,28.0,31.0,27.0,19.0,21.0,31.0,31.0,19.0,12.0,balanced
Vullaby,dark,0,28.0,31.0,27.0,19.0,21.0,31.0,31.0,19.0,12.0,balanced
Mandibuzz,flying,0,33.0,44.0,43.0,24.0,36.0,43.0,44.0,24.0,20.0,balanced
Mandibuzz,dark,0,33.0,44.0,43.0,24.0,36.0,43.0,44.0,24.0,20.0,balanced
Heatmor,fire,0,51.0,27.0,33.0,52.0,22.0,34.0,52.0,22.0,30.0,mixed
Durant,steel,0,58.0,48.0,22.0,21.0,13.0,59.0,59.0,13.0,46.0,specialist
Durant,bug,0,58.0,48.0,22.0,21.0,13.0,59.0,59.0,13.0,46.0,specialist
Deino,dragon,0,33.0,20.0,20.0,19.0,14.0,19.0,33.0,14.0,19.0,balanced
Deino,dark,0,33.0,20.0,20.0,19.0,14.0,19.0,33.0,14.0,19.0,balanced
Zweilous,dragon,0,44.0,29.0,28.0,30.0,24.0,30.0,44.0,24.0,20.0,balanced
Zweilous,dark,0,44.0,29.0,28.0,30.0,24.0,30.0,44.0,24.0,20.0,balanced
Hydreigon,dragon,0,56.0,38.0,36.0,62.0,33.0,53.0,62.0,33.0,29.0,mixed
Hydreigon,dark,0,56.0,38.0,36.0,62.0,33.0,53.0,62.0,33.0,29.0,mixed
Larvesta,fire,0,44.0,22.0,21.0,22.0,17.0,31.0,44.0,17.0,27.0,mixed
Larvesta,bug,0,44.0,22.0,21.0,22.0,17.0,31.0,44.0,17.0,27.0,mixed
Volcarona,fire,0,31.0,27.0,33.0,68.0,40.0,54.0,68.0,27.0,41.0,specialist
Volcarona,bug,0,31.0,27.0,33.0,68.0,40.0,54.0,68.0,27.0,41.0,specialist
Cobalion,fighting,1,47.0,55.0,35.0,43.0,25.0,59.0,59.0,25.0,34.0,mixed
Cobalion,steel,1,47.0,55.0,35.0,43.0,25.0,59.0,59.0,25.0,34.0,mixed
Terrakion,fighting,1,69.0,38.0,35.0,34.0,33.0,59.0,69.0,33.0,36.0,mixed
Terrakion,rock,1,69.0,38.0,35.0,34.0,33.0,59.0,69.0,33.0,36.0,mixed
Virizion,fighting,1,47.0,30.0,35.0,43.0,52.0,59.0,59.0,30.0,29.0,mixed
Virizion,grass,1,47.0,30.0,35.0,43.0,52.0,59.0,59.0,30.0,29.0,mixed
Tornadus,flying,1,53.0,33.0,31.0,54.0,33.0,66.0,66.0,31.0,35.0,mixed
Thundurus,flying,1,56.0,29.0,31.0,73.0,29.0,55.0,73.0,29.0,44.0,specialist
Thundurus,electric,1,56.0,29.0,31.0,73.0,29.0,55.0,73.0,29.0,44.0,specialist
Reshiram,fire,1,64.0,42.0,39.0,76.0,48.0,49.0,76.0,39.0,37.0,mixed
Reshiram,dragon,1,64.0,42.0,39.0,76.0,48.0,49.0,76.0,39.0,37.0,mixed
Zekrom,electric,1,81.0,51.0,39.0,60.0,38.0,49.0,81.0,38.0,43.0,specialist
Zekrom,dragon,1,81.0,51.0,39.0,60.0,38.0,49.0,81.0,38.0,43.0,specialist
Landorus,flying,1,78.0,38.0,35.0,52.0,29.0,49.0,78.0,29.0,49.0,specialist
Landorus,ground,1,78.0,38.0,35.0,52.0,29.0,49.0,78.0,29.0,49.0,specialist
Kyurem,ice,1,64.0,38.0,49.0,87.0,38.0,51.0,87.0,38.0,49.0,specialist
Kyurem,dragon,1,64.0,38.0,49.0,87.0,38.0,51.0,87.0,38.0,49.0,specialist
Keldeo,fighting,1,37.0,38.0,35.0,65.0,33.0,59.0,65.0,33.0,32.0,mixed
Keldeo,water,1,37.0,38.0,35.0,65.0,33.0,59.0,65.0,33.0,32.0,mixed
Meloetta,psychic,1,68.0,38.0,39.0,36.0,27.0,70.0,70.0,27.0,43.0,specialist
Meloetta,normal,1,68.0,38.0,39.0,36.0,27.0,70.0,70.0,27.0,43.0,specialist
Genesect,steel,1,64.0,40.0,28.0,60.0,36.0,54.0,64.0,28.0,36.0,mixed
Genesect,bug,1,64.0,40.0,28.0,60.0,36.0,54.0,64.0,28.0,36.0,mixed
Chespin,grass,0,31.0,27.0,22.0,21.0,12.0,19.0,31.0,12.0,19.0,balanced
Quilladin,grass,0,41.0,40.0,24.0,25.0,18.0,30.0,41.0,18.0,23.0,balanced
Chesnaught,fighting,0,57.0,52.0,34.0,35.0,26.0,34.0,57.0,26.0,31.0,mixed
Chesnaught,grass,0,57.0,52.0,34.0,35.0,26.0,34.0,57.0,26.0,31.0,mixed
Fennekin,fire,0,22.0,16.0,15.0,28.0,19.0,31.0,31.0,15.0,16.0,balanced
Braixen,fire,0,30.0,24.0,23.0,43.0,24.0,39.0,43.0,23.0,20.0,balanced
Delphox,psychic,0,36.0,30.0,29.0,57.0,38.0,57.0,57.0,29.0,28.0,mixed
Delphox,fire,0,36.0,30.0,29.0,57.0,38.0,57.0,57.0,29.0,28.0,mixed
Froakie,water,0,28.0,16.0,16.0,28.0,11.0,38.0,38.0,11.0,27.0,mixed
Frogadier,water,0,32.0,21.0,21.0,40.0,17.0,53.0,53.0,17.0,36.0,mixed
Greninja,dark,0,78.0,28.0,28.0,78.0,24.0,73.0,78.0,24.0,54.0,specialist
Greninja,water,0,78.0,28.0,28.0,78.0,24.0,73.0,78.0,24.0,54.0,specialist
Bunnelby,normal,0,17.0,15.0,15.0,12.0,8.0,30.0,30.0,8.0,22.0,balanced
Diggersby,ground,0,28.0,32.0,33.0,22.0,27.0,42.0,42.0,22.0,20.0,balanced
Diggersby,normal,0,28.0,32.0,33.0,22.0,27.0,42.0,42.0,22.0,20.0,balanced
Fletchling,flying,0,25.0,17.0,17.0,16.0,9.0,33.0,33.0,9.0,24.0,balanced
Fletchling,normal,0,25.0,17.0,17.0,16.0,9.0,33.0,33.0,9.0,24.0,balanced
Fletchinder,flying,0,38.0,22.0,24.0,25.0,15.0,45.0,45.0,15.0,30.0,mixed
Fletchinder,fire,0,38.0,22.0,24.0,25.0,15.0,45.0,45.0,15.0,30.0,mixed
Talonflame,flying,0,42.0,29.0,30.0,35.0,23.0,69.0,69.0,23.0,46.0,specialist
Talonflame,fire,0,42.0,29.0,30.0,35.0,23.0,69.0,69.0,23.0,46.0,specialist
Scatterbug,bug,0,17.0,16.0,15.0,9.0,2.0,17.0,17.0,2.0,15.0,balanced
Spewpa,bug,0,9.0,24.0,17.0,9.0,5.0,14.0,24.0,5.0,19.0,balanced
Vivillon,flying,0,26.0,20.0,31.0,43.0,14.0,48.0,48.0,14.0,34.0,mixed
Vivillon,bug,0,26.0,20.0,31.0,43.0,14.0,48.0,48.0,14.0,34.0,mixed
Litleo,normal,0,25.0,24.0,24.0,34.0,16.0,38.0,38.0,16.0,22.0,balanced
Litleo,fire,0,25.0,24.0,24.0,34.0,16.0,38.0,38.0,16.0,22.0,balanced
Pyroar,normal,0,35.0,30.0,33.0,54.0,22.0,58.0,58.0,22.0,36.0,mixed
Pyroar,fire,0,35.0,30.0,33.0,54.0,22.0,58.0,58.0,22.0,36.0,mixed
Flabébé,fairy,0,18.0,15.0,17.0,28.0,28.0,21.0,28.0,15.0,13.0,balanced
Floette,fairy,0,33.0,28.0,29.0,62.0,51.0,50.0,62.0,28.0,34.0,mixed
Florges,fairy,0,33.0,28.0,30.0,55.0,64.0,40.0,64.0,28.0,36.0,mixed
Skiddo,grass,0,33.0,19.0,26.0,28.0,18.0,27.0,33.0,18.0,15.0,balanced
Gogoat,grass,0,53.0,25.0,48.0,47.0,29.0,36.0,53.0,25.0,28.0,mixed
Pancham,fighting,0,43.0,25.0,26.0,20.0,13.0,22.0,43.0,13.0,30.0,mixed
Pangoro,dark,0,66.0,32.0,37.0,32.0,24.0,30.0,66.0,24.0,42.0,specialist
Pangoro,fighting,0,66.0,32.0,37.0,32.0,24.0,30.0,66.0,24.0,42.0,specialist
Furfrou,normal,0,42.0,24.0,29.0,30.0,33.0,55.0,55.0,24.0,31.0,mixed
Espurr,psychic,0,24.0,22.0,24.0,29.0,19.0,36.0,36.0,19.0,17.0,balanced
Meowstic,psychic,0,24.0,32.0,29.0,40.0,29.0,57.0,57.0,24.0,33.0,mixed
Honedge,ghost,0,42.0,42.0,17.0,14.0,8.0,13.0,42.0,8.0,34.0,mixed
Honedge,steel,0,42.0,42.0,17.0,14.0,8.0,13.0,42.0,8.0,34.0,mixed
Doublade,ghost,0,58.0,64.0,23.0,19.0,14.0,17.0,64.0,14.0,50.0,specialist
Doublade,steel,0,58.0,64.0,23.0,19.0,14.0,17.0,64.0,14.0,50.0,specialist
Aegislash,ghost,0,81.0,20.0,23.0,76.0,14.0,31.0,81.0,14.0,67.0,specialist
Aegislash,steel,0,81.0,20.0,23.0,76.0,14.0,31.0,81.0,14.0,67.0,specialist
Spritzee,fairy,0,26.0,24.0,30.0,29.0,21.0,10.0,30.0,10.0,20.0,balanced
Aromatisse,fairy,0,37.0,30.0,39.0,48.0,33.0,14.0,48.0,14.0,34.0,mixed
Swirlix,fairy,0,24.0,27.0,24.0,27.0,18.0,25.0,27.0,18.0,9.0,balanced
Slurpuff,fairy,0,42.0,36.0,32.0,41.0,26.0,38.0,42.0,26.0,16.0,balanced
Inkay,psychic,0,27.0,21.0,20.0,15.0,12.0,23.0,27.0,12.0,15.0,balanced
Inkay,dark,0,27.0,21.0,20.0,15.0,12.0,23.0,27.0,12.0,15.0,balanced
Malamar,psychic,0,48.0,37.0,33.0,32.0,26.0,39.0,48.0,26.0,22.0,balanced
Malamar,dark,0,48.0,37.0,33.0,32.0,26.0,39.0,48.0,26.0,22.0,balanced
Binacle,water,0,26.0,28.0,16.0,16.0,17.0,26.0,28.0,16.0,12.0,balanced
Binacle,rock,0,26.0,28.0,16.0,16.0,17.0,26.0,28.0,16.0,12.0,balanced
Barbaracle,water,0,56.0,49.0,28.0,24.0,31.0,36.0,56.0,24.0,32.0,mixed
Barbaracle,rock,0,56.0,49.0,28.0,24.0,31.0,36.0,56.0,24.0,32.0,mixed
Skrelp,water,0,31.0,24.0,19.0,27.0,19.0,14.0,31.0,14.0,17.0,balanced
Skrelp,poison,0,31.0,24.0,19.0,27.0,19.0,14.0,31.0,14.0,17.0,balanced
Dragalge,dragon,0,39.0,38.0,25.0,47.0,49.0,22.0,49.0,22.0,27.0,mixed
Dragalge,poison,0,39.0,38.0,25.0,47.0,49.0,22.0,49.0,22.0,27.0,mixed
Clauncher,water,0,27.0,25.0,19.0,26.0,20.0,22.0,27.0,19.0,8.0,balanced
Clawitzer,water,0,38.0,37.0,28.0,60.0,33.0,31.0,60.0,28.0,32.0,mixed
Helioptile,normal,0,18.0,12.0,17.0,28.0,11.0,37.0,37.0,11.0,26.0,mixed
Helioptile,electric,0,18.0,12.0,17.0,28.0,11.0,37.0,37.0,11.0,26.0,mixed
Heliolisk,normal,0,28.0,21.0,24.0,54.0,35.0,59.0,59.0,21.0,38.0,mixed
Heliolisk,electric,0,28.0,21.0,24.0,54.0,35.0,59.0,59.0,21.0,38.0,mixed
Tyrunt,dragon,0,47.0,32.0,22.0,19.0,12.0,25.0,47.0,12.0,35.0,mixed
Tyrunt,rock,0,47.0,32.0,22.0,19.0,12.0,25.0,47.0,12.0,35.0,mixed
Tyrantrum,dragon,0,64.0,51.0,32.0,32.0,19.0,38.0,64.0,19.0,45.0,specialist
Tyrantrum,rock,0,64.0,51.0,32.0,32.0,19.0,38.0,64.0,19.0,45.0,specialist
Amaura,ice,0,30.0,20.0,30.0,31.0,20.0,23.0,31.0,20.0,11.0,balanced
Amaura,rock,0,30.0,20.0,30.0,31.0,20.0,23.0,31.0,20.0,11.0,balanced
Aurorus,ice,0,40.0,30.0,48.0,48.0,34.0,30.0,48.0,30.0,18.0,balanced
Aurorus,rock,0,40.0,30.0,48.0,48.0,34.0,30.0,48.0,30.0,18.0,balanced
Sylveon,fairy,0,33.0,27.0,37.0,54.0,52.0,31.0,54.0,27.0,27.0,mixed
Hawlucha,flying,0,48.0,31.0,30.0,35.0,20.0,65.0,65.0,20.0,45.0,specialist
Hawlucha,fighting,0,48.0,31.0,30.0,35.0,20.0,65.0,65.0,20.0,45.0,specialist
Dedenne,fairy,0,29.0,23.0,26.0,39.0,22.0,55.0,55.0,22.0,33.0,mixed
Dedenne,electric,0,29.0,23.0,26.0,39.0,22.0,55.0,55.0,22.0,33.0,mixed
Carbink,fairy,0,25.0,64.0,19.0,22.0,62.0,26.0,64.0,19.0,45.0,specialist
Carbink,rock,0,25.0,64.0,19.0,22.0,62.0,26.0,64.0,19.0,45.0,specialist
Goomy,dragon,0,25.0,13.0,17.0,24.0,26.0,20.0,26.0,13.0,13.0,balanced
Sliggoo,dragon,0,39.0,21.0,26.0,40.0,44.0,31.0,44.0,21.0,23.0,balanced
Goodra,dragon,0,53.0,29.0,35.0,54.0,62.0,43.0,62.0,29.0,33.0,mixed
Klefki,fairy,0,42.0,38.0,22.0,38.0,32.0,40.0,42.0,22.0,20.0,balanced
Klefki,steel,0,42.0,38.0,22.0,38.0,32.0,40.0,42.0,22.0,20.0,balanced
Phantump,grass,0,36.0,19.0,17.0,22.0,19.0,19.0,36.0,17.0,19.0,balanced
Phantump,ghost,0,36.0,19.0,17.0,22.0,19.0,19.0,36.0,17.0,19.0,balanced
Trevenant,grass,0,58.0,32.0,33.0,30.0,30.0,29.0,58.0,29.0,29.0,mixed
Trevenant,ghost,0,58.0,32.0,33.0,30.0,30.0,29.0,58.0,29.0,29.0,mixed
Pumpkaboo,grass,0,34.0,29.0,23.0,18.0,17.0,21.0,34.0,17.0,17.0,balanced
Pumpkaboo,ghost,0,34.0,29.0,23.0,18.0,17.0,21.0,34.0,17.0,17.0,balanced
Gourgeist,grass,0,53.0,52.0,33.0,26.0,26.0,28.0,53.0,26.0,27.0,mixed
Gourgeist,ghost,0,53.0,52.0,33.0,26.0,26.0,28.0,53.0,26.0,27.0,mixed
Bergmite,ice,0,36.0,36.0,21.0,12.0,7.0,13.0,36.0,7.0,29.0,mixed
Avalugg,ice,0,62.0,80.0,37.0,18.0,12.0,13.0,80.0,12.0,68.0,specialist
Noibat,dragon,0,14.0,13.0,15.0,19.0,10.0,29.0,29.0,10.0,19.0,balanced
Noibat,flying,0,14.0,13.0,15.0,19.0,10.0,29.0,29.0,10.0,19.0,balanced
Noivern,dragon,0,36.0,33.0,33.0,47.0,29.0,67.0,67.0,29.0,38.0,mixed
Noivern,flying,0,36.0,33.0,33.0,47.0,29.0,67.0,67.0,29.0,38.0,mixed
Xerneas,fairy,1,70.0,40.0,49.0,66.0,37.0,54.0,70.0,37.0,33.0,mixed
Yveltal,flying,1,70.0,40.0,49.0,66.0,37.0,54.0,70.0,37.0,33.0,mixed
Yveltal,dark,1,70.0,40.0,49.0,66.0,37.0,54.0,70.0,37.0,33.0,mixed
Zygarde,ground,1,53.0,52.0,85.0,44.0,36.0,46.0,85.0,36.0,49.0,specialist
Zygarde,dragon,1,53.0,52.0,85.0,44.0,36.0,46.0,85.0,36.0,49.0,specialist
Diancie,fairy,1,86.0,47.0,19.0,82.0,43.0,60.0,86.0,19.0,67.0,specialist
Diancie,rock,1,86.0,47.0,19.0,82.0,43.0,60.0,86.0,19.0,67.0,specialist
Hoopa,ghost,1,86.0,24.0,31.0,87.0,52.0,43.0,87.0,24.0,63.0,specialist
Hoopa,psychic,1,86.0,24.0,31.0,87.0,52.0,43.0,87.0,24.0,63.0,specialist
Volcanion,water,1,58.0,51.0,31.0,65.0,33.0,37.0,65.0,31.0,34.0,mixed
Volcanion,fire,1,58.0,51.0,31.0,65.0,33.0,37.0,65.0,31.0,34.0,mixed
Rowlet,flying,0,28.0,22.0,26.0,22.0,14.0,21.0,28.0,14.0,14.0,balanced
Rowlet,grass,0,28.0,22.0,26.0,22.0,14.0,21.0,28.0,14.0,14.0,balanced
Dartrix,flying,0,39.0,31.0,30.0,33.0,24.0,27.0,39.0,24.0,15.0,balanced
Dartrix,grass,0,39.0,31.0,30.0,33.0,24.0,27.0,39.0,24.0,15.0,balanced
Decidueye,ghost,0,57.0,31.0,30.0,49.0,38.0,37.0,57.0,30.0,27.0,mixed
Decidueye,grass,0,57.0,31.0,30.0,49.0,38.0,37.0,57.0,30.0,27.0,mixed
Litten,fire,0,33.0,16.0,17.0,27.0,10.0,37.0,37.0,10.0,27.0,mixed
Torracat,fire,0,44.0,20.0,25.0,38.0,14.0,49.0,49.0,14.0,35.0,mixed
Incineroar,dark,0,61.0,38.0,37.0,38.0,33.0,31.0,61.0,31.0,30.0,mixed
Incineroar,fire,0,61.0,38.0,37.0,38.0,33.0,31.0,61.0,31.0,30.0,mixed
Popplio,water,0,27.0,22.0,19.0,30.0,17.0,20.0,30.0,17.0,13.0,balanced
Brionne,water,0,36.0,28.0,23.0,44.0,29.0,26.0,44.0,23.0,21.0,balanced
Primarina,fairy,0,38.0,31.0,31.0,63.0,46.0,31.0,63.0,31.0,32.0,mixed
Primarina,water,0,38.0,31.0,31.0,63.0,46.0,31.0,63.0,31.0,32.0,mixed
Pikipek,flying,0,39.0,11.0,13.0,11.0,5.0,34.0,39.0,5.0,34.0,mixed
Pikipek,normal,0,39.0,11.0,13.0,11.0,5.0,34.0,39.0,5.0,34.0,mixed
Trumbeak,flying,0,44.0,20.0,21.0,16.0,14.0,40.0,44.0,14.0,30.0,mixed
Trumbeak,normal,0,44.0,20.0,21.0,16.0,14.0,40.0,44.0,14.0,30.0,mixed
Toucannon,flying,0,64.0,31.0,31.0,35.0,26.0,31.0,64.0,26.0,38.0,mixed
Toucannon,normal,0,64.0,31.0,31.0,35.0,26.0,31.0,64.0,26.0,38.0,mixed
Yungoos,normal,0,36.0,11.0,19.0,11.0,5.0,23.0,36.0,5.0,31.0,mixed
Gumshoos,normal,0,58.0,24.0,34.0,24.0,19.0,23.0,58.0,19.0,39.0,mixed
Grubbin,bug,0,32.0,18.0,18.0,24.0,12.0,23.0,32.0,12.0,20.0,balanced
Charjabug,electric,0,43.0,40.0,22.0,24.0,26.0,18.0,43.0,18.0,25.0,mixed
Charjabug,bug,0,43.0,40.0,22.0,24.0,26.0,18.0,43.0,18.0,25.0,mixed
Vikavolt,electric,0,36.0,38.0,30.0,73.0,26.0,22.0,73.0,22.0,51.0,specialist
Vikavolt,bug,0,36.0,38.0,30.0,73.0,26.0,22.0,73.0,22.0,51.0,specialist
Crabrawler,fighting,0,43.0,23.0,18.0,17.0,13.0,33.0,43.0,13.0,30.0,mixed
Crabominable,ice,0,71.0,32.0,38.0,28.0,22.0,22.0,71.0,22.0,49.0,specialist
Crabominable,fighting,0,71.0,32.0,38.0,28.0,22.0,22.0,71.0,22.0,49.0,specialist
Oricorio,flying,0,36.0,29.0,29.0,48.0,24.0,50.0,50.0,24.0,26.0,mixed
Oricorio,fire,0,36.0,29.0,29.0,48.0,24.0,50.0,50.0,24.0,26.0,mixed
Cutiefly,fairy,0,22.0,16.0,15.0,24.0,10.0,45.0,45.0,10.0,35.0,mixed
Cutiefly,bug,0,22.0,16.0,15.0,24.0,10.0,45.0,45.0,10.0,35.0,mixed
Ribombee,fairy,0,28.0,24.0,23.0,46.0,24.0,68.0,68.0,23.0,45.0,specialist
Ribombee,bug,0,28.0,24.0,23.0,46.0,24.0,68.0,68.0,23.0,45.0,specialist
Rockruff,rock,0,33.0,16.0,17.0,11.0,10.0,31.0,33.0,10.0,23.0,balanced
Lycanroc,rock,0,61.0,31.0,33.0,24.0,26.0,44.0,61.0,24.0,37.0,mixed
Wishiwashi,water,0,75.0,56.0,17.0,71.0,55.0,14.0,75.0,14.0,61.0,specialist
Mareanie,water,0,27.0,25.0,19.0,18.0,15.0,23.0,27.0,15.0,12.0,balanced
Mareanie,poison,0,27.0,25.0,19.0,18.0,15.0,23.0,27.0,15.0,12.0,balanced
Toxapex,water,0,32.0,65.0,19.0,23.0,58.0,17.0,65.0,17.0,48.0,specialist
Toxapex,poison,0,32.0,65.0,19.0,23.0,58.0,17.0,65.0,17.0,48.0,specialist
Mudbray,ground,0,53.0,29.0,27.0,19.0,17.0,23.0,53.0,17.0,36.0,mixed
Mudsdale,ground,0,67.0,42.0,39.0,24.0,31.0,17.0,67.0,17.0,50.0,specialist
Dewpider,bug,0,19.0,21.0,15.0,16.0,25.0,13.0,25.0,13.0,12.0,balanced
Dewpider,water,0,19.0,21.0,15.0,16.0,25.0,13.0,25.0,13.0,12.0,balanced
Araquanid,bug,0,36.0,39.0,26.0,22.0,53.0,21.0,53.0,21.0,32.0,mixed
Araquanid,water,0,36.0,39.0,26.0,22.0,53.0,21.0,53.0,21.0,32.0,mixed
Fomantis,grass,0,28.0,13.0,15.0,22.0,7.0,17.0,28.0,7.0,21.0,balanced
Lurantis,grass,0,56.0,38.0,27.0,38.0,33.0,23.0,56.0,23.0,33.0,mixed
Morelull,fairy,0,17.0,22.0,15.0,30.0,26.0,6.0,30.0,6.0,24.0,balanced
Morelull,grass,0,17.0,22.0,15.0,30.0,26.0,6.0,30.0,6.0,24.0,balanced
Shiinotic,fairy,0,22.0,33.0,23.0,43.0,38.0,14.0,43.0,14.0,29.0,mixed
Shiinotic,grass,0,22.0,33.0,23.0,43.0,38.0,14.0,43.0,14.0,29.0,mixed
Salandit,fire,0,22.0,16.0,19.0,33.0,10.0,41.0,41.0,10.0,31.0,mixed
Salandit,poison,0,22.0,16.0,19.0,33.0,10.0,41.0,41.0,10.0,31.0,mixed
Salazzle,fire,0,33.0,24.0,26.0,55.0,19.0,64.0,64.0,19.0,45.0,specialist
Salazzle,poison,0,33.0,24.0,26.0,55.0,19.0,64.0,64.0,19.0,45.0,specialist
Stufful,fighting,0,39.0,20.0,27.0,19.0,14.0,26.0,39.0,14.0,25.0,mixed
Stufful,normal,0,39.0,20.0,27.0,19.0,14.0,26.0,39.0,14.0,25.0,mixed
Bewear,fighting,0,67.0,33.0,47.0,24.0,19.0,31.0,67.0,19.0,48.0,specialist
Bewear,normal,0,67.0,33.0,47.0,24.0,19.0,31.0,67.0,19.0,48.0,specialist
Bounsweet,grass,0,14.0,15.0,16.0,11.0,9.0,15.0,16.0,9.0,7.0,balanced
Steenee,grass,0,19.0,19.0,20.0,16.0,13.0,33.0,33.0,13.0,20.0,balanced
Tsareena,grass,0,64.0,41.0,28.0,22.0,37.0,38.0,64.0,22.0,42.0,specialist
Comfey,fairy,0,26.0,38.0,20.0,39.0,43.0,54.0,54.0,20.0,34.0,mixed
Oranguru,psychic,0,31.0,33.0,35.0,43.0,43.0,31.0,43.0,31.0,12.0,balanced
Oranguru,normal,0,31.0,33.0,35.0,43.0,43.0,31.0,43.0,31.0,12.0,balanced
Passimian,fighting,0,64.0,38.0,39.0,16.0,19.0,43.0,64.0,16.0,48.0,specialist
Wimpod,water,0,17.0,16.0,9.0,5.0,5.0,43.0,43.0,5.0,38.0,mixed
Wimpod,bug,0,17.0,16.0,9.0,5.0,5.0,43.0,43.0,5.0,38.0,mixed
Golisopod,water,0,67.0,60.0,29.0,27.0,33.0,20.0,67.0,20.0,47.0,specialist
Golisopod,bug,0,67.0,60.0,29.0,27.0,33.0,20.0,67.0,20.0,47.0,specialist
Sandygast,ground,0,28.0,33.0,21.0,33.0,12.0,6.0,33.0,6.0,27.0,mixed
Sandygast,ghost,0,28.0,33.0,21.0,33.0,12.0,6.0,33.0,6.0,27.0,mixed
Palossand,ground,0,39.0,47.0,33.0,49.0,26.0,17.0,49.0,17.0,32.0,mixed
Palossand,ghost,0,39.0,47.0,33.0,49.0,26.0,17.0,49.0,17.0,32.0,mixed
Pyukumuku,water,0,31.0,56.0,21.0,11.0,52.0,0.0,56.0,0.0,56.0,specialist
Type: Null,normal,0,50.0,40.0,37.0,46.0,36.0,31.0,50.0,31.0,19.0,balanced
Silvally,normal,0,50.0,40.0,37.0,46.0,36.0,51.0,51.0,36.0,15.0,balanced
Minior,flying,0,53.0,24.0,23.0,49.0,19.0,66.0,66.0,19.0,47.0,specialist
Minior,rock,0,53.0,24.0,23.0,49.0,19.0,66.0,66.0,19.0,47.0,specialist
Komala,normal,0,61.0,27.0,25.0,35.0,36.0,34.0,61.0,25.0,36.0,mixed
Turtonator,dragon,0,41.0,58.0,23.0,44.0,31.0,18.0,58.0,18.0,40.0,specialist
Turtonator,fire,0,41.0,58.0,23.0,44.0,31.0,18.0,58.0,18.0,40.0,specialist
Togedemaru,steel,0,52.0,26.0,25.0,16.0,25.0,52.0,52.0,16.0,36.0,mixed
Togedemaru,electric,0,52.0,26.0,25.0,16.0,25.0,52.0,52.0,16.0,36.0,mixed
Mimikyu,fairy,0,47.0,33.0,21.0,22.0,40.0,52.0,52.0,21.0,31.0,mixed
Mimikyu,ghost,0,47.0,33.0,21.0,22.0,40.0,52.0,52.0,21.0,31.0,mixed
Bruxish,psychic,0,56.0,29.0,26.0,33.0,24.0,50.0,56.0,24.0,32.0,mixed
Bruxish,water,0,56.0,29.0,26.0,33.0,24.0,50.0,56.0,24.0,32.0,mixed
Drampa,dragon,0,31.0,36.0,30.0,68.0,34.0,18.0,68.0,18.0,50.0,specialist
Drampa,normal,0,31.0,36.0,30.0,68.0,34.0,18.0,68.0,18.0,50.0,specialist
Dhelmise,grass,0,70.0,42.0,27.0,41.0,33.0,20.0,70.0,20.0,50.0,specialist
Dhelmise,ghost,0,70.0,42.0,27.0,41.0,33.0,20.0,70.0,20.0,50.0,specialist
Jangmo-o,dragon,0,28.0,27.0,17.0,19.0,12.0,23.0,28.0,12.0,16.0,balanced
Hakamo-o,fighting,0,39.0,38.0,21.0,30.0,24.0,34.0,39.0,21.0,18.0,balanced
Hakamo-o,dragon,0,39.0,38.0,21.0,30.0,24.0,34.0,39.0,21.0,18.0,balanced
Kommo-o,fighting,0,58.0,53.0,29.0,49.0,40.0,46.0,58.0,29.0,29.0,mixed
Kommo-o,dragon,0,58.0,53.0,29.0,49.0,40.0,46.0,58.0,29.0,29.0,mixed
Tapu Koko,fairy,1,61.0,36.0,27.0,46.0,26.0,71.0,71.0,26.0,45.0,specialist
Tapu Koko,electric,1,61.0,36.0,27.0,46.0,26.0,71.0,71.0,26.0,45.0,specialist
Tapu Lele,fairy,1,44.0,31.0,27.0,65.0,45.0,51.0,65.0,27.0,38.0,mixed
Tapu Lele,psychic,1,44.0,31.0,27.0,65.0,45.0,51.0,65.0,27.0,38.0,mixed
Tapu Bulu,fairy,1,69.0,49.0,27.0,41.0,36.0,40.0,69.0,27.0,42.0,specialist
Tapu Bulu,grass,1,69.0,49.0,27.0,41.0,36.0,40.0,69.0,27.0,42.0,specialist
Tapu Fini,fairy,1,39.0,49.0,27.0,46.0,52.0,46.0,52.0,27.0,25.0,mixed
Tapu Fini,water,1,39.0,49.0,27.0,46.0,52.0,46.0,52.0,27.0,25.0,mixed
Cosmog,psychic,1,13.0,12.0,17.0,10.0,5.0,18.0,18.0,5.0,13.0,balanced
Cosmoem,psychic,1,13.0,56.0,17.0,10.0,53.0,18.0,56.0,10.0,46.0,specialist
Solgaleo,steel,1,73.0,45.0,54.0,56.0,33.0,53.0,73.0,33.0,40.0,specialist
Solgaleo,psychic,1,73.0,45.0,54.0,56.0,33.0,53.0,73.0,33.0,40.0,specialist
Lunala,ghost,1,60.0,37.0,54.0,69.0,41.0,53.0,69.0,37.0,32.0,mixed
Lunala,psychic,1,60.0,37.0,54.0,69.0,41.0,53.0,69.0,37.0,32.0,mixed
Nihilego,poison,1,27.0,19.0,43.0,64.0,53.0,56.0,64.0,19.0,45.0,specialist
Nihilego,rock,1,27.0,19.0,43.0,64.0,53.0,56.0,64.0,19.0,45.0,specialist
Buzzwole,fighting,1,74.0,60.0,42.0,23.0,16.0,42.0,74.0,16.0,58.0,specialist
Buzzwole,bug,1,74.0,60.0,42.0,23.0,16.0,42.0,74.0,16.0,58.0,specialist
Pheromosa,fighting,1,73.0,14.0,28.0,69.0,8.0,83.0,83.0,8.0,75.0,specialist
Pheromosa,bug,1,73.0,14.0,28.0,69.0,8.0,83.0,83.0,8.0,75.0,specialist
Xurkitree,electric,1,47.0,29.0,32.0,89.0,24.0,45.0,89.0,24.0,65.0,specialist
Celesteela,flying,1,53.0,44.0,38.0,53.0,39.0,32.0,53.0,32.0,21.0,balanced
Celesteela,steel,1,53.0,44.0,38.0,53.0,39.0,32.0,53.0,32.0,21.0,balanced
Kartana,steel,1,98.0,56.0,23.0,27.0,5.0,59.0,98.0,5.0,93.0,specialist
Kartana,grass,1,98.0,56.0,23.0,27.0,5.0,59.0,98.0,5.0,93.0,specialist
Guzzlord,dragon,1,53.0,21.0,87.0,47.0,16.0,22.0,87.0,16.0,71.0,specialist
Guzzlord,dark,1,53.0,21.0,87.0,47.0,16.0,22.0,87.0,16.0,71.0,specialist
Necrozma,psychic,1,57.0,43.0,38.0,64.0,33.0,42.0,64.0,33.0,31.0,mixed
Magearna,fairy,1,50.0,49.0,31.0,65.0,45.0,34.0,65.0,31.0,34.0,mixed
Magearna,steel,1,50.0,49.0,31.0,65.0,45.0,34.0,65.0,31.0,34.0,mixed
