,name,abilities,attack,base_total,capture_rate,defense,experience_growth,height_m,hp,sp_attack,sp_defense,speed,type1,type2,weight_kg,generation,is_legendary,tot_abilities,type2_binary,type
0,Bulbasaur,"['Overgrow', 'Chlorophyll']",49,318,45,49,1059860,0.7,45,65,65,45,grass,poison,6.9,1,0,2,Other,grass poison
1,Ivysaur,"['Overgrow', 'Chlorophyll']",62,405,45,63,1059860,1.0,60,80,80,60,grass,poison,13.0,1,0,2,Other,grass poison
2,Venusaur,"['Overgrow', 'Chlorophyll']",100,625,45,123,1059860,2.0,80,122,120,80,grass,poison,100.0,1,0,2,Other,grass poison
3,Charmander,"['Blaze', 'Solar Power']",52,309,45,43,1059860,0.6,39,60,50,65,fire,None,8.5,1,0,2,None,fire
4,Charmeleon,"['Blaze', 'Solar Power']",64,405,45,58,1059860,1.1,58,80,65,80,fire,None,19.0,1,0,2,None,fire
5,Charizard,"['Blaze', 'Solar Power']",104,634,45,78,1059860,1.7,78,159,115,100,fire,flying,90.5,1,0,2,Other,fire flying
6,Squirtle,"['Torrent', 'Rain Dish']",48,314,45,65,1059860,0.5,44,50,64,43,water,None,9.0,1,0,2,None,water
7,Wartortle,"['Torrent', 'Rain Dish']",63,405,45,80,1059860,1.0,59,65,80,58,water,None,22.5,1,0,2,None,water
8,Blastoise,"['Torrent', 'Rain Dish']",103,630,45,120,1059860,1.6,79,135,115,78,water,None,85.5,1,0,2,None,water
9,Caterpie,"['Shield Dust', 'Run Away']",30,195,255,35,1000000,0.3,45,20,20,45,bug,None,2.9,1,0,2,None,bug
10,Metapod,['Shed Skin'],20,205,120,55,1000000,0.7,50,25,25,30,bug,None,9.9,1,0,1,None,bug
11,Butterfree,"['Compoundeyes', 'Tinted Lens']",45,395,45,50,1000000,1.1,60,90,80,70,bug,flying,32.0,1,0,2,Other,bug flying
12,Weedle,"['Shield Dust', 'Run Away']",35,195,255,30,1000000,0.3,40,20,20,50,bug,poison,3.2,1,0,2,Other,bug poison
13,Kakuna,['Shed Skin'],25,205,120,50,1000000,0.6,45,25,25,35,bug,poison,10.0,1,0,1,Other,bug poison
14,Beedrill,"['Swarm', 'Sniper']",150,495,45,40,1000000,1.0,65,15,80,145,bug,poison,29.5,1,0,2,Other,bug poison
15,Pidgey,"['Keen Eye', 'Tangled Feet', 'Big Pecks']",45,251,255,40,1059860,0.3,40,35,35,56,normal,flying,1.8,1,0,3,Other,normal flying
16,Pidgeotto,"['Keen Eye', 'Tangled Feet', 'Big Pecks']",60,349,120,55,1059860,1.1,63,50,50,71,normal,flying,30.0,1,0,3,Other,normal flying
17,Pidgeot,"['Keen Eye', 'Tangled Feet', 'Big Pecks']",80,579,45,80,1059860,1.5,83,135,80,121,normal,flying,39.5,1,0,3,Other,normal flying
18,Rattata,"['Run Away', 'Guts', 'Hustle', 'Gluttony', 'Hustle', 'Thick Fat']",56,253,255,35,1000000,1.1638924455825865,30,25,35,72,normal,dark,61.378104993597944,1,0,6,Other,normal dark
19,Raticate,"['Run Away', 'Guts', 'Hustle', 'Gluttony', 'Hustle', 'Thick Fat']",71,413,127,70,1000000,1.1638924455825865,75,40,80,77,normal,dark,61.378104993597944,1,0,6,Other,normal dark
20,Spearow,"['Keen Eye', 'Sniper']",60,262,255,30,1000000,0.3,40,31,31,70,normal,flying,2.0,1,0,2,Other,normal flying
21,Fearow,"['Keen Eye', 'Sniper']",90,442,90,65,1000000,1.2,65,61,61,100,normal,flying,38.0,1,0,2,Other,normal flying
22,Ekans,"['Intimidate', 'Shed Skin', 'Unnerve']",60,288,255,44,1000000,2.0,35,40,54,55,poison,None,6.9,1,0,3,None,poison
23,Arbok,"['Intimidate', 'Shed Skin', 'Unnerve']",95,448,90,69,1000000,3.5,60,65,79,80,poison,None,65.0,1,0,3,None,poison
24,Pikachu,"['Static', 'Lightningrod']",55,320,190,40,1000000,0.4,35,50,50,90,electric,None,6.0,1,0,2,None,electric
25,Raichu,"['Static', 'Lightningrod', 'Surge Surfer']",85,485,75,50,1000000,1.1638924455825865,60,95,85,110,electric,electric,61.378104993597944,1,0,3,Other,electric electric
26,Sandshrew,"['Sand Veil', 'Sand Rush', 'Snow Cloak', 'Slush Rush']",75,300,255,90,1000000,1.1638924455825865,50,10,35,40,ground,ice,61.378104993597944,1,0,4,Other,ground ice
27,Sandslash,"['Sand Veil', 'Sand Rush', 'Snow Cloak', 'Slush Rush']",100,450,90,120,1000000,1.1638924455825865,75,25,65,65,ground,ice,61.378104993597944,1,0,4,Other,ground ice
28,Nidoran♀,"['Poison Point', 'Rivalry', 'Hustle']",47,275,235,52,1059860,0.4,55,40,40,41,poison,None,7.0,1,0,3,None,poison
29,Nidorina,"['Poison Point', 'Rivalry', 'Hustle']",62,365,120,67,1059860,0.8,70,55,55,56,poison,None,20.0,1,0,3,None,poison
30,Nidoqueen,"['Poison Point', 'Rivalry', 'Sheer Force']",92,505,45,87,1059860,1.3,90,75,85,76,poison,ground,60.0,1,0,3,Other,poison ground
31,Nidoran♂,"['Poison Point', 'Rivalry', 'Hustle']",57,273,235,40,1059860,0.5,46,40,40,50,poison,None,9.0,1,0,3,None,poison
32,Nidorino,"['Poison Point', 'Rivalry', 'Hustle']",72,365,120,57,1059860,0.9,61,55,55,65,poison,None,19.5,1,0,3,None,poison
33,Nidoking,"['Poison Point', 'Rivalry', 'Sheer Force']",102,505,45,77,1059860,1.4,81,85,75,85,poison,ground,62.0,1,0,3,Other,poison ground
34,Clefairy,"['Cute Charm', 'Magic Guard', 'Friend Guard']",45,323,150,48,800000,0.6,70,60,65,35,fairy,None,7.5,1,0,3,None,fairy
35,Clefable,"['Cute Charm', 'Magic Guard', 'Unaware']",70,483,25,73,800000,1.3,95,95,90,60,fairy,None,40.0,1,0,3,None,fairy
36,Vulpix,"['Flash Fire', 'Drought', 'Snow Cloak', 'Snow Warning']",41,299,190,40,1000000,1.1638924455825865,38,50,65,65,fire,ice,61.378104993597944,1,0,4,Other,fire ice
37,Ninetales,"['Flash Fire', 'Drought', 'Snow Cloak', 'Snow Warning']",67,505,75,75,1000000,1.1638924455825865,73,81,100,109,fire,ice,61.378104993597944,1,0,4,Other,fire ice
38,Jigglypuff,"['Cute Charm', 'Competitive', 'Friend Guard']",45,270,170,20,800000,0.5,115,45,25,20,normal,fairy,5.5,1,0,3,Other,normal fairy
39,Wigglytuff,"['Cute Charm', 'Competitive', 'Frisk']",70,435,50,45,800000,1.0,140,85,50,45,normal,fairy,12.0,1,0,3,Other,normal fairy
40,Zubat,"['Inner Focus', 'Infiltrator']",45,245,255,35,1000000,0.8,40,30,40,55,poison,flying,7.5,1,0,2,Other,poison flying
41,Golbat,"['Inner Focus', 'Infiltrator']",80,455,90,70,1000000,1.6,75,65,75,90,poison,flying,55.0,1,0,2,Other,poison flying
42,Oddish,"['Chlorophyll', 'Run Away']",50,320,255,55,1059860,0.5,45,75,65,30,grass,poison,5.4,1,0,2,Other,grass poison
43,Gloom,"['Chlorophyll', 'Stench']",65,395,120,70,1059860,0.8,60,85,75,40,grass,poison,8.6,1,0,2,Other,grass poison
44,Vileplume,"['Chlorophyll', 'Effect Spore']",80,490,45,85,1059860,1.2,75,110,90,50,grass,poison,18.6,1,0,2,Other,grass poison
45,Paras,"['Effect Spore', 'Dry Skin', 'Damp']",70,285,190,55,1000000,0.3,35,45,55,25,bug,grass,5.4,1,0,3,Other,bug grass
46,Parasect,"['Effect Spore', 'Dry Skin', 'Damp']",95,405,75,80,1000000,1.0,60,60,80,30,bug,grass,29.5,1,0,3,Other,bug grass
47,Venonat,"['Compoundeyes', 'Tinted Lens', 'Run Away']",55,305,190,50,1000000,1.0,60,40,55,45,bug,poison,30.0,1,0,3,Other,bug poison
48,Venomoth,"['Shield Dust', 'Tinted Lens', 'Wonder Skin ']",65,450,75,60,1000000,1.5,70,90,75,90,bug,poison,12.5,1,0,3,Other,bug poison
49,Diglett,"['Sand Veil', 'Arena Trap', 'Sand Force', 'Sand Veil', 'Tangling Hair', 'Sand Force']",55,265,255,30,1000000,1.1638924455825865,10,35,45,90,ground,ground,61.378104993597944,1,0,6,Other,ground ground
50,Dugtrio,"['Sand Veil', 'Arena Trap', 'Sand Force', 'Sand Veil', 'Tangling Hair', 'Sand Force']",100,425,50,60,1000000,1.1638924455825865,35,50,70,110,ground,ground,61.378104993597944,1,0,6,Other,ground ground
51,Meowth,"['Pickup', 'Technician', 'Unnerve', 'Pickup', 'Technician', 'Rattled']",35,290,255,35,1000000,1.1638924455825865,40,50,40,90,normal,dark,61.378104993597944,1,0,6,Other,normal dark
52,Persian,"['Limber', 'Technician', 'Unnerve', 'Fur Coat', 'Technician', 'Rattled']",60,440,90,60,1000000,1.1638924455825865,65,75,65,115,normal,dark,61.378104993597944,1,0,6,Other,normal dark
53,Psyduck,"['Damp', 'Cloud Nine', 'Swift Swim']",52,320,190,48,1000000,0.8,50,65,50,55,water,None,19.6,1,0,3,None,water
54,Golduck,"['Damp', 'Cloud Nine', 'Swift Swim']",82,500,75,78,1000000,1.7,80,95,80,85,water,None,76.6,1,0,3,None,water
55,Mankey,"['Vital Spirit', 'Anger Point', 'Defiant']",80,305,190,35,1000000,0.5,40,35,45,70,fighting,None,28.0,1,0,3,None,fighting
56,Primeape,"['Vital Spirit', 'Anger Point', 'Defiant']",105,455,75,60,1000000,1.0,65,60,70,95,fighting,None,32.0,1,0,3,None,fighting
57,Growlithe,"['Intimidate', 'Flash Fire', 'Justified']",70,350,190,45,1250000,0.7,55,70,50,60,fire,None,19.0,1,0,3,None,fire
58,Arcanine,"['Intimidate', 'Flash Fire', 'Justified']",110,555,75,80,1250000,1.9,90,100,80,95,fire,None,155.0,1,0,3,None,fire
59,Poliwag,"['Water Absorb', 'Damp', 'Swift Swim']",50,300,255,40,1059860,0.6,40,40,40,90,water,None,12.4,1,0,3,None,water
60,Poliwhirl,"['Water Absorb', 'Damp', 'Swift Swim']",65,385,120,65,1059860,1.0,65,50,50,90,water,None,20.0,1,0,3,None,water
61,Poliwrath,"['Water Absorb', 'Damp', 'Swift Swim']",95,510,45,95,1059860,1.3,90,70,90,70,water,fighting,54.0,1,0,3,Other,water fighting
62,Abra,"['Synchronize', 'Inner Focus', 'Magic Guard']",20,310,200,15,1059860,0.9,25,105,55,90,psychic,None,19.5,1,0,3,None,psychic
63,Kadabra,"['Synchronize', 'Inner Focus', 'Magic Guard']",35,400,100,30,1059860,1.3,40,120,70,105,psychic,None,56.5,1,0,3,None,psychic
64,Alakazam,"['Synchronize', 'Inner Focus', 'Magic Guard']",50,600,50,65,1059860,1.5,55,175,105,150,psychic,None,48.0,1,0,3,None,psychic
65,Machop,"['Guts', 'No Guard', 'Steadfast']",80,305,180,50,1059860,0.8,70,35,35,35,fighting,None,19.5,1,0,3,None,fighting
66,Machoke,"['Guts', 'No Guard', 'Steadfast']",100,405,90,70,1059860,1.5,80,50,60,45,fighting,None,70.5,1,0,3,None,fighting
67,Machamp,"['Guts', 'No Guard', 'Steadfast']",130,505,45,80,1059860,1.6,90,65,85,55,fighting,None,130.0,1,0,3,None,fighting
68,Bellsprout,"['Chlorophyll', 'Gluttony']",75,300,255,35,1059860,0.7,50,70,30,40,grass,poison,4.0,1,0,2,Other,grass poison
69,Weepinbell,"['Chlorophyll', 'Gluttony']",90,390,120,50,1059860,1.0,65,85,45,55,grass,poison,6.4,1,0,2,Other,grass poison
70,Victreebel,"['Chlorophyll', 'Gluttony']",105,490,45,65,1059860,1.7,80,100,70,70,grass,poison,15.5,1,0,2,Other,grass poison
71,Tentacool,"['Clear Body', 'Liquid Ooze', 'Rain Dish']",40,335,190,35,1250000,0.9,40,50,100,70,water,poison,45.5,1,0,3,Other,water poison
72,Tentacruel,"['Clear Body', 'Liquid Ooze', 'Rain Dish']",70,515,60,65,1250000,1.6,80,80,120,100,water,poison,55.0,1,0,3,Other,water poison
73,Geodude,"['Rock Head', 'Sturdy', 'Sand Veil', 'Magnet Pull', 'Sturdy', 'Galvanize']",80,300,255,100,1059860,1.1638924455825865,40,30,30,20,rock,ground,61.378104993597944,1,0,6,Other,rock ground
74,Graveler,"['Rock Head', 'Sturdy', 'Sand Veil', 'Magnet Pull', 'Sturdy', 'Galvanize']",95,390,120,115,1059860,1.1638924455825865,55,45,45,35,rock,ground,61.378104993597944,1,0,6,Other,rock ground
75,Golem,"['Rock Head', 'Sturdy', 'Sand Veil', 'Magnet Pull', 'Sturdy', 'Galvanize']",120,495,45,130,1059860,1.1638924455825865,80,55,65,45,rock,ground,61.378104993597944,1,0,6,Other,rock ground
76,Ponyta,"['Run Away', 'Flash Fire', 'Flame Body']",85,410,190,55,1000000,1.0,50,65,65,90,fire,None,30.0,1,0,3,None,fire
77,Rapidash,"['Run Away', 'Flash Fire', 'Flame Body']",100,500,60,70,1000000,1.7,65,80,80,105,fire,None,95.0,1,0,3,None,fire
78,Slowpoke,"['Oblivious', 'Own Tempo', 'Regenerator']",65,315,190,65,1000000,1.2,90,40,40,15,water,psychic,36.0,1,0,3,Other,water psychic
79,Slowbro,"['Oblivious', 'Own Tempo', 'Regenerator']",75,590,75,180,1000000,1.6,95,130,80,30,water,psychic,78.5,1,0,3,Other,water psychic
80,Magnemite,"['Magnet Pull', 'Sturdy', 'Analytic']",35,325,190,70,1000000,0.3,25,95,55,45,electric,steel,6.0,1,0,3,Other,electric steel
81,Magneton,"['Magnet Pull', 'Sturdy', 'Analytic']",60,465,60,95,1000000,1.0,50,120,70,70,electric,steel,60.0,1,0,3,Other,electric steel
82,Farfetch'd,"['Keen Eye', 'Inner Focus', 'Defiant']",90,377,45,55,1000000,0.8,52,58,62,60,normal,flying,15.0,1,0,3,Other,normal flying
83,Doduo,"['Run Away', 'Early Bird', 'Tangled Feet']",85,310,190,45,1000000,1.4,35,35,35,75,normal,flying,39.2,1,0,3,Other,normal flying
84,Dodrio,"['Run Away', 'Early Bird', 'Tangled Feet']",110,470,45,70,1000000,1.8,60,60,60,110,normal,flying,85.2,1,0,3,Other,normal flying
85,Seel,"['Thick Fat', 'Hydration', 'Ice Body']",45,325,190,55,1000000,1.1,65,45,70,45,water,None,90.0,1,0,3,None,water
86,Dewgong,"['Thick Fat', 'Hydration', 'Ice Body']",70,475,75,80,1000000,1.7,90,70,95,70,water,ice,120.0,1,0,3,Other,water ice
87,Grimer,"['Stench', 'Sticky Hold', 'Poison Touch', 'Poison Touch', 'Gluttony', 'Power of Alchemy']",80,325,190,50,1000000,1.1638924455825865,80,40,50,25,poison,poison,61.378104993597944,1,0,6,Other,poison poison
88,Muk,"['Stench', 'Sticky Hold', 'Poison Touch', 'Poison Touch', 'Gluttony', 'Power of Alchemy']",105,500,75,75,1000000,1.1638924455825865,105,65,100,50,poison,poison,61.378104993597944,1,0,6,Other,poison poison
89,Shellder,"['Shell Armor', 'Skill Link', 'Overcoat']",65,305,190,100,1250000,0.3,30,45,25,40,water,None,4.0,1,0,3,None,water
90,Cloyster,"['Shell Armor', 'Skill Link', 'Overcoat']",95,525,60,180,1250000,1.5,50,85,45,70,water,ice,132.5,1,0,3,Other,water ice
91,Gastly,['Levitate'],35,310,190,30,1059860,1.3,30,100,35,80,ghost,poison,0.1,1,0,1,Other,ghost poison
92,Haunter,['Levitate'],50,405,90,45,1059860,1.6,45,115,55,95,ghost,poison,0.1,1,0,1,Other,ghost poison
93,Gengar,['Cursed Body'],65,600,45,80,1059860,1.5,60,170,95,130,ghost,poison,40.5,1,0,1,Other,ghost poison
94,Onix,"['Rock Head', 'Sturdy', 'Weak Armor']",45,385,45,160,1000000,8.8,35,30,45,70,rock,ground,210.0,1,0,3,Other,rock ground
95,Drowzee,"['Insomnia', 'Forewarn', 'Inner Focus']",48,328,190,45,1000000,1.0,60,43,90,42,psychic,None,32.4,1,0,3,None,psychic
96,Hypno,"['Insomnia', 'Forewarn', 'Inner Focus']",73,483,75,70,1000000,1.6,85,73,115,67,psychic,None,75.6,1,0,3,None,psychic
97,Krabby,"['Hyper Cutter', 'Shell Armor', 'Sheer Force']",105,325,225,90,1000000,0.4,30,25,25,50,water,None,6.5,1,0,3,None,water
98,Kingler,"['Hyper Cutter', 'Shell Armor', 'Sheer Force']",130,475,60,115,1000000,1.3,55,50,50,75,water,None,60.0,1,0,3,None,water
99,Voltorb,"['Soundproof', 'Static', 'Aftermath']",30,330,190,50,1000000,0.5,40,55,55,100,electric,None,10.4,1,0,3,None,electric
100,Electrode,"['Soundproof', 'Static', 'Aftermath']",50,490,60,70,1000000,1.2,60,80,80,150,electric,None,66.6,1,0,3,None,electric
101,Exeggcute,"['Chlorophyll', 'Harvest']",40,325,90,80,1250000,0.4,60,60,45,40,grass,psychic,2.5,1,0,2,Other,grass psychic
102,Exeggutor,"['Chlorophyll', 'Harvest', 'Frisk', 'Harvest']",105,530,45,85,1250000,1.1638924455825865,95,125,75,45,grass,psychic,61.378104993597944,1,0,4,Other,grass psychic
103,Cubone,"['Rock Head', 'Lightningrod', 'Battle Armor']",50,320,190,95,1000000,0.4,50,40,50,35,ground,None,6.5,1,0,3,None,ground
104,Marowak,"['Rock Head', 'Lightningrod', 'Battle Armor', 'Cursed Body', 'Lightningrod', 'Rock Head']",80,425,75,110,1000000,1.1638924455825865,60,50,80,45,ground,fire,61.378104993597944,1,0,6,Other,ground fire
105,Hitmonlee,"['Limber', 'Reckless', 'Unburden']",120,455,45,53,1000000,1.5,50,35,110,87,fighting,None,49.8,1,0,3,None,fighting
106,Hitmonchan,"['Keen Eye', 'Iron Fist', 'Inner Focus']",105,455,45,79,1000000,1.4,50,35,110,76,fighting,None,50.2,1,0,3,None,fighting
107,Lickitung,"['Own Tempo', 'Oblivious', 'Cloud Nine']",55,385,45,75,1000000,1.2,90,60,75,30,normal,None,65.5,1,0,3,None,normal
108,Koffing,['Levitate'],65,340,190,95,1000000,0.6,40,60,45,35,poison,None,1.0,1,0,1,None,poison
109,Weezing,['Levitate'],90,490,60,120,1000000,1.2,65,85,70,60,poison,None,9.5,1,0,1,None,poison
110,Rhyhorn,"['Lightningrod', 'Rock Head', 'Reckless']",85,345,120,95,1250000,1.0,80,30,30,25,ground,rock,115.0,1,0,3,Other,ground rock
111,Rhydon,"['Lightningrod', 'Rock Head', 'Reckless']",130,485,60,120,1250000,1.9,105,45,45,40,ground,rock,120.0,1,0,3,Other,ground rock
112,Chansey,"['Natural Cure', 'Serene Grace', 'Healer']",5,450,30,5,800000,1.1,250,35,105,50,normal,None,34.6,1,0,3,None,normal
113,Tangela,"['Chlorophyll', 'Leaf Guard', 'Regenerator']",55,435,45,115,1000000,1.0,65,100,40,60,grass,None,35.0,1,0,3,None,grass
114,Kangaskhan,"['Early Bird', 'Scrappy', 'Inner Focus']",125,590,45,100,1000000,2.2,105,60,100,100,normal,None,80.0,1,0,3,None,normal
115,Horsea,"['Swift Swim', 'Sniper', 'Damp']",40,295,225,70,1000000,0.4,30,70,25,60,water,None,8.0,1,0,3,None,water
116,Seadra,"['Poison Point', 'Sniper', 'Damp']",65,440,75,95,1000000,1.2,55,95,45,85,water,None,25.0,1,0,3,None,water
117,Goldeen,"['Swift Swim', 'Water Veil', 'Lightningrod']",67,320,225,60,1000000,0.6,45,35,50,63,water,None,15.0,1,0,3,None,water
118,Seaking,"['Swift Swim', 'Water Veil', 'Lightningrod']",92,450,60,65,1000000,1.3,80,65,80,68,water,None,39.0,1,0,3,None,water
119,Staryu,"['Illuminate', 'Natural Cure', 'Analytic']",45,340,225,55,1250000,0.8,30,70,55,85,water,None,34.5,1,0,3,None,water
120,Starmie,"['Illuminate', 'Natural Cure', 'Analytic']",75,520,60,85,1250000,1.1,60,100,85,115,water,psychic,80.0,1,0,3,Other,water psychic
121,Mr. Mime,"['Soundproof', 'Filter', 'Technician']",45,460,45,65,1000000,1.3,40,100,120,90,psychic,fairy,54.5,1,0,3,Other,psychic fairy
122,Scyther,"['Swarm', 'Technician', 'Steadfast']",110,500,45,80,1000000,1.5,70,55,80,105,bug,flying,56.0,1,0,3,Other,bug flying
123,Jynx,"['Oblivious', 'Forewarn', 'Dry Skin']",50,455,45,35,1000000,1.4,65,115,95,95,ice,psychic,40.6,1,0,3,Other,ice psychic
124,Electabuzz,"['Static', 'Vital Spirit']",83,490,45,57,1000000,1.1,65,95,85,105,electric,None,30.0,1,0,2,None,electric
125,Magmar,"['Flame Body', 'Vital Spirit']",95,495,45,57,1000000,1.3,65,100,85,93,fire,None,44.5,1,0,2,None,fire
126,Pinsir,"['Hyper Cutter', 'Mold Breaker', 'Moxie']",155,600,45,120,1250000,1.5,65,65,90,105,bug,None,55.0,1,0,3,None,bug
127,Tauros,"['Intimidate', 'Anger Point', 'Sheer Force']",100,490,45,95,1250000,1.4,75,40,70,110,normal,None,88.4,1,0,3,None,normal
128,Magikarp,"['Swift Swim', 'Rattled']",10,200,255,55,1250000,0.9,20,15,20,80,water,None,10.0,1,0,2,None,water
129,Gyarados,"['Intimidate', 'Moxie']",155,640,45,109,1250000,6.5,95,70,130,81,water,flying,235.0,1,0,2,Other,water flying
130,Lapras,"['Water Absorb', 'Shell Armor', 'Hydration']",85,535,45,80,1250000,2.5,130,85,95,60,water,ice,220.0,1,0,3,Other,water ice
131,Ditto,"['Limber', 'Imposter']",48,288,35,48,1000000,0.3,48,48,48,48,normal,None,4.0,1,0,2,None,normal
132,Eevee,"['Run Away', 'Adaptability', 'Anticipation']",55,325,45,50,1000000,0.3,55,45,65,55,normal,None,6.5,1,0,3,None,normal
133,Vaporeon,"['Water Absorb', 'Hydration']",65,525,45,60,1000000,1.0,130,110,95,65,water,None,29.0,1,0,2,None,water
134,Jolteon,"['Volt Absorb', 'Quick Feet']",65,525,45,60,1000000,0.8,65,110,95,130,electric,None,24.5,1,0,2,None,electric
135,Flareon,"['Flash Fire', 'Guts']",130,525,45,60,1000000,0.9,65,95,110,65,fire,None,25.0,1,0,2,None,fire
136,Porygon,"['Trace', 'Download', 'Analytic']",60,395,45,70,1000000,0.8,65,85,75,40,normal,None,36.5,1,0,3,None,normal
137,Omanyte,"['Swift Swim', 'Shell Armor', 'Weak Armor']",40,355,45,100,1000000,0.4,35,90,55,35,rock,water,7.5,1,0,3,Other,rock water
138,Omastar,"['Swift Swim', 'Shell Armor', 'Weak Armor']",60,495,45,125,1000000,1.0,70,115,70,55,rock,water,35.0,1,0,3,Other,rock water
139,Kabuto,"['Swift Swim', 'Battle Armor', 'Weak Armor']",80,355,45,90,1000000,0.5,30,55,45,55,rock,water,11.5,1,0,3,Other,rock water
140,Kabutops,"['Swift Swim', 'Battle Armor', 'Weak Armor']",115,495,45,105,1000000,1.3,60,65,70,80,rock,water,40.5,1,0,3,Other,rock water
141,Aerodactyl,"['Rock Head', 'Pressure', 'Unnerve']",135,615,45,85,1250000,1.8,80,70,95,150,rock,flying,59.0,1,0,3,Other,rock flying
142,Snorlax,"['Immunity', 'Thick Fat', 'Gluttony']",110,540,25,65,1250000,2.1,160,65,110,30,normal,None,460.0,1,0,3,None,normal
143,Articuno,"['Pressure', 'Snow Cloak']",85,580,3,100,1250000,1.7,90,95,125,85,ice,flying,55.4,1,1,2,Other,ice flying
144,Zapdos,"['Pressure', 'Static']",90,580,3,85,1250000,1.6,90,125,90,100,electric,flying,52.6,1,1,2,Other,electric flying
145,Moltres,"['Pressure', 'Flame Body']",100,580,3,90,1250000,2.0,90,125,85,90,fire,flying,60.0,1,1,2,Other,fire flying
146,Dratini,"['Shed Skin', 'Marvel Scale']",64,300,45,45,1250000,1.8,41,50,50,50,dragon,None,3.3,1,0,2,None,dragon
147,Dragonair,"['Shed Skin', 'Marvel Scale']",84,420,45,65,1250000,4.0,61,70,70,70,dragon,None,16.5,1,0,2,None,dragon
148,Dragonite,"['Inner Focus', 'Multiscale']",134,600,45,95,1250000,2.2,91,100,100,80,dragon,flying,210.0,1,0,2,Other,dragon flying
149,Mewtwo,"['Pressure', 'Unnerve']",150,780,3,70,1250000,2.0,106,194,120,140,psychic,None,122.0,1,1,2,None,psychic
150,Mew,['Synchronize'],100,600,45,100,1059860,0.4,100,100,100,100,psychic,None,4.0,1,1,1,None,psychic
151,Chikorita,"['Overgrow', 'Leaf Guard']",49,318,45,65,1059860,0.9,45,49,65,45,grass,None,6.4,2,0,2,None,grass
152,Bayleef,"['Overgrow', 'Leaf Guard']",62,405,45,80,1059860,1.2,60,63,80,60,grass,None,15.8,2,0,2,None,grass
153,Meganium,"['Overgrow', 'Leaf Guard']",82,525,45,100,1059860,1.8,80,83,100,80,grass,None,100.5,2,0,2,None,grass
154,Cyndaquil,"['Blaze', 'Flash Fire']",52,309,45,43,1059860,0.5,39,60,50,65,fire,None,7.9,2,0,2,None,fire
155,Quilava,"['Blaze', 'Flash Fire']",64,405,45,58,1059860,0.9,58,80,65,80,fire,None,19.0,2,0,2,None,fire
156,Typhlosion,"['Blaze', 'Flash Fire']",84,534,45,78,1059860,1.7,78,109,85,100,fire,None,79.5,2,0,2,None,fire
157,Totodile,"['Torrent', 'Sheer Force']",65,314,45,64,1059860,0.6,50,44,48,43,water,None,9.5,2,0,2,None,water
158,Croconaw,"['Torrent', 'Sheer Force']",80,405,45,80,1059860,1.1,65,59,63,58,water,None,25.0,2,0,2,None,water
159,Feraligatr,"['Torrent', 'Sheer Force']",105,530,45,100,1059860,2.3,85,79,83,78,water,None,88.8,2,0,2,None,water
160,Sentret,"['Run Away', 'Keen Eye', 'Frisk']",46,215,255,34,1000000,0.8,35,35,45,20,normal,None,6.0,2,0,3,None,normal
161,Furret,"['Run Away', 'Keen Eye', 'Frisk']",76,415,90,64,1000000,1.8,85,45,55,90,normal,None,32.5,2,0,3,None,normal
162,Hoothoot,"['Insomnia', 'Keen Eye', 'Tinted Lens']",30,262,255,30,1000000,0.7,60,36,56,50,normal,flying,21.2,2,0,3,Other,normal flying
163,Noctowl,"['Insomnia', 'Keen Eye', 'Tinted Lens']",50,452,90,50,1000000,1.6,100,86,96,70,normal,flying,40.8,2,0,3,Other,normal flying
164,Ledyba,"['Swarm', 'Early Bird', 'Rattled']",20,265,255,30,800000,1.0,40,40,80,55,bug,flying,10.8,2,0,3,Other,bug flying
165,Ledian,"['Swarm', 'Early Bird', 'Iron Fist']",35,390,90,50,800000,1.4,55,55,110,85,bug,flying,35.6,2,0,3,Other,bug flying
166,Spinarak,"['Swarm', 'Insomnia', 'Sniper']",60,250,255,40,800000,0.5,40,40,40,30,bug,poison,8.5,2,0,3,Other,bug poison
167,Ariados,"['Swarm', 'Insomnia', 'Sniper']",90,400,90,70,800000,1.1,70,60,70,40,bug,poison,33.5,2,0,3,Other,bug poison
168,Crobat,"['Inner Focus', 'Infiltrator']",90,535,90,80,1000000,1.8,85,70,80,130,poison,flying,75.0,2,0,2,Other,poison flying
169,Chinchou,"['Volt Absorb', 'Illuminate', 'Water Absorb']",38,330,190,38,1250000,0.5,75,56,56,67,water,electric,12.0,2,0,3,Other,water electric
170,Lanturn,"['Volt Absorb', 'Illuminate', 'Water Absorb']",58,460,75,58,1250000,1.2,125,76,76,67,water,electric,22.5,2,0,3,Other,water electric
171,Pichu,"['Static', 'Lightningrod']",40,205,190,15,1000000,0.3,20,35,35,60,electric,None,2.0,2,0,2,None,electric
172,Cleffa,"['Cute Charm', 'Magic Guard', 'Friend Guard']",25,218,150,28,800000,0.3,50,45,55,15,fairy,None,3.0,2,0,3,None,fairy
173,Igglybuff,"['Cute Charm', 'Competitive', 'Friend Guard']",30,210,170,15,800000,0.3,90,40,20,15,normal,fairy,1.0,2,0,3,Other,normal fairy
174,Togepi,"['Hustle', 'Serene Grace', 'Super Luck']",20,245,190,65,800000,0.3,35,40,65,20,fairy,None,1.5,2,0,3,None,fairy
175,Togetic,"['Hustle', 'Serene Grace', 'Super Luck']",40,405,75,85,800000,0.6,55,80,105,40,fairy,flying,3.2,2,0,3,Other,fairy flying
176,Natu,"['Synchronize', 'Early Bird', 'Magic Bounce']",50,320,190,45,1000000,0.2,40,70,45,70,psychic,flying,2.0,2,0,3,Other,psychic flying
177,Xatu,"['Synchronize', 'Early Bird', 'Magic Bounce']",75,470,75,70,1000000,1.5,65,95,70,95,psychic,flying,15.0,2,0,3,Other,psychic flying
178,Mareep,"['Static', 'Plus']",40,280,235,40,1059860,0.6,55,65,45,35,electric,None,7.8,2,0,2,None,electric
179,Flaaffy,"['Static', 'Plus']",55,365,120,55,1059860,0.8,70,80,60,45,electric,None,13.3,2,0,2,None,electric
180,Ampharos,"['Static', 'Plus']",95,610,45,105,1059860,1.4,90,165,110,45,electric,None,61.5,2,0,2,None,electric
181,Bellossom,"['Chlorophyll', 'Healer']",80,490,45,95,1059860,0.4,75,90,100,50,grass,None,5.8,2,0,2,None,grass
182,Marill,"['Thick Fat', 'Huge Power', 'Sap Sipper']",20,250,190,50,800000,0.4,70,20,50,40,water,fairy,8.5,2,0,3,Other,water fairy
183,Azumarill,"['Thick Fat', 'Huge Power', 'Sap Sipper']",50,420,75,80,800000,0.8,100,60,80,50,water,fairy,28.5,2,0,3,Other,water fairy
184,Sudowoodo,"['Sturdy', 'Rock Head', 'Rattled']",100,410,65,115,1000000,1.2,70,30,65,30,rock,None,38.0,2,0,3,None,rock
185,Politoed,"['Water Absorb', 'Damp', 'Drizzle']",75,500,45,75,1059860,1.1,90,90,100,70,water,None,33.9,2,0,3,None,water
186,Hoppip,"['Chlorophyll', 'Leaf Guard', 'Infiltrator']",35,250,255,40,1059860,0.4,35,35,55,50,grass,flying,0.5,2,0,3,Other,grass flying
187,Skiploom,"['Chlorophyll', 'Leaf Guard', 'Infiltrator']",45,340,120,50,1059860,0.6,55,45,65,80,grass,flying,1.0,2,0,3,Other,grass flying
188,Jumpluff,"['Chlorophyll', 'Leaf Guard', 'Infiltrator']",55,460,45,70,1059860,0.8,75,55,95,110,grass,flying,3.0,2,0,3,Other,grass flying
189,Aipom,"['Run Away', 'Pickup', 'Skill Link']",70,360,45,55,800000,0.8,55,40,55,85,normal,None,11.5,2,0,3,None,normal
190,Sunkern,"['Chlorophyll', 'Solar Power', 'Early Bird']",30,180,235,30,1059860,0.3,30,30,30,30,grass,None,1.8,2,0,3,None,grass
191,Sunflora,"['Chlorophyll', 'Solar Power', 'Early Bird']",75,425,120,55,1059860,0.8,75,105,85,30,grass,None,8.5,2,0,3,None,grass
192,Yanma,"['Speed Boost', 'Compoundeyes', 'Frisk']",65,390,75,45,1000000,1.2,65,75,45,95,bug,flying,38.0,2,0,3,Other,bug flying
193,Wooper,"['Damp', 'Water Absorb', 'Unaware']",45,210,255,45,1000000,0.4,55,25,25,15,water,ground,8.5,2,0,3,Other,water ground
194,Quagsire,"['Damp', 'Water Absorb', 'Unaware']",85,430,90,85,1000000,1.4,95,65,65,35,water,ground,75.0,2,0,3,Other,water ground
195,Espeon,"['Synchronize', 'Magic Bounce']",65,525,45,60,1000000,0.9,65,130,95,110,psychic,None,26.5,2,0,2,None,psychic
196,Umbreon,"['Synchronize', 'Inner Focus']",65,525,45,110,1000000,1.0,95,60,130,65,dark,None,27.0,2,0,2,None,dark
197,Murkrow,"['Insomnia', 'Super Luck', 'Prankster']",85,405,30,42,1059860,0.5,60,85,42,91,dark,flying,2.1,2,0,3,Other,dark flying
198,Slowking,"['Oblivious', 'Own Tempo', 'Regenerator']",75,490,70,80,1000000,2.0,95,100,110,30,water,psychic,79.5,2,0,3,Other,water psychic
199,Misdreavus,['Levitate'],60,435,45,60,800000,0.7,60,85,85,85,ghost,None,1.0,2,0,1,None,ghost
200,Unown,['Levitate'],72,336,225,48,1000000,0.5,48,72,48,48,psychic,None,5.0,2,0,1,None,psychic
201,Wobbuffet,"['Shadow Tag', 'Telepathy']",33,405,45,58,1000000,1.3,190,33,58,33,psychic,None,28.5,2,0,2,None,psychic
202,Girafarig,"['Inner Focus', 'Early Bird', 'Sap Sipper']",80,455,60,65,1000000,1.5,70,90,65,85,normal,psychic,41.5,2,0,3,Other,normal psychic
203,Pineco,"['Sturdy', 'Overcoat']",65,290,190,90,1000000,0.6,50,35,35,15,bug,None,7.2,2,0,2,None,bug
204,Forretress,"['Sturdy', 'Overcoat']",90,465,75,140,1000000,1.2,75,60,60,40,bug,steel,125.8,2,0,2,Other,bug steel
205,Dunsparce,"['Serene Grace', 'Run Away', 'Rattled']",70,415,190,70,1000000,1.5,100,65,65,45,normal,None,14.0,2,0,3,None,normal
206,Gligar,"['Hyper Cutter', 'Sand Veil', 'Immunity']",75,430,60,105,1059860,1.1,65,35,65,85,ground,flying,64.8,2,0,3,Other,ground flying
207,Steelix,"['Rock Head', 'Sturdy', 'Sheer Force']",125,610,25,230,1000000,9.2,75,55,95,30,steel,ground,400.0,2,0,3,Other,steel ground
208,Snubbull,"['Intimidate', 'Run Away', 'Rattled']",80,300,190,50,800000,0.6,60,40,40,30,fairy,None,7.8,2,0,3,None,fairy
209,Granbull,"['Intimidate', 'Quick Feet', 'Rattled']",120,450,75,75,800000,1.4,90,60,60,45,fairy,None,48.7,2,0,3,None,fairy
210,Qwilfish,"['Poison Point', 'Swift Swim', 'Intimidate']",95,440,45,85,1000000,0.5,65,55,55,85,water,poison,3.9,2,0,3,Other,water poison
211,Scizor,"['Swarm', 'Technician', 'Light Metal']",150,600,25,140,1000000,1.8,70,65,100,75,bug,steel,118.0,2,0,3,Other,bug steel
212,Shuckle,"['Sturdy', 'Gluttony', 'Contrary']",10,505,190,230,1059860,0.6,20,10,230,5,bug,rock,20.5,2,0,3,Other,bug rock
213,Heracross,"['Swarm', 'Guts', 'Moxie']",185,600,45,115,1250000,1.5,80,40,105,75,bug,fighting,54.0,2,0,3,Other,bug fighting
214,Sneasel,"['Inner Focus', 'Keen Eye', 'Pickpocket']",95,430,60,55,1059860,0.9,55,35,75,115,dark,ice,28.0,2,0,3,Other,dark ice
215,Teddiursa,"['Pickup', 'Quick Feet', 'Honey Gather']",80,330,120,50,1000000,0.6,60,50,50,40,normal,None,8.8,2,0,3,None,normal
216,Ursaring,"['Guts', 'Quick Feet', 'Unnerve']",130,500,60,75,1000000,1.8,90,75,75,55,normal,None,125.8,2,0,3,None,normal
217,Slugma,"['Magma Armor', 'Flame Body', 'Weak Armor']",40,250,190,40,1000000,0.7,40,70,40,20,fire,None,35.0,2,0,3,None,fire
218,Magcargo,"['Magma Armor', 'Flame Body', 'Weak Armor']",50,430,75,120,1000000,0.8,60,90,80,30,fire,rock,55.0,2,0,3,Other,fire rock
219,Swinub,"['Oblivious', 'Snow Cloak', 'Thick Fat']",50,250,225,40,1250000,0.4,50,30,30,50,ice,ground,6.5,2,0,3,Other,ice ground
220,Piloswine,"['Oblivious', 'Snow Cloak', 'Thick Fat']",100,450,75,80,1250000,1.1,100,60,60,50,ice,ground,55.8,2,0,3,Other,ice ground
221,Corsola,"['Hustle', 'Natural Cure', 'Regenerator']",55,410,60,95,800000,0.6,65,65,95,35,water,rock,5.0,2,0,3,Other,water rock
222,Remoraid,"['Hustle', 'Sniper', 'Moody']",65,300,190,35,1000000,0.6,35,65,35,65,water,None,12.0,2,0,3,None,water
223,Octillery,"['Suction Cups', 'Sniper', 'Moody']",105,480,75,75,1000000,0.9,75,105,75,45,water,None,28.5,2,0,3,None,water
224,Delibird,"['Vital Spirit', 'Hustle', 'Insomnia']",55,330,45,45,800000,0.9,45,65,45,75,ice,flying,16.0,2,0,3,Other,ice flying
225,Mantine,"['Swift Swim', 'Water Absorb', 'Water Veil']",40,485,25,70,1250000,2.1,85,80,140,70,water,flying,220.0,2,0,3,Other,water flying
226,Skarmory,"['Keen Eye', 'Sturdy', 'Weak Armor']",80,465,25,140,1250000,1.7,65,40,70,70,steel,flying,50.5,2,0,3,Other,steel flying
227,Houndour,"['Early Bird', 'Flash Fire', 'Unnerve']",60,330,120,30,1250000,0.6,45,80,50,65,dark,fire,10.8,2,0,3,Other,dark fire
228,Houndoom,"['Early Bird', 'Flash Fire', 'Unnerve']",90,600,45,90,1250000,1.4,75,140,90,115,dark,fire,35.0,2,0,3,Other,dark fire
229,Kingdra,"['Swift Swim', 'Sniper', 'Damp']",95,540,45,95,1000000,1.8,75,95,95,85,water,dragon,152.0,2,0,3,Other,water dragon
230,Phanpy,"['Pickup', 'Sand Veil']",60,330,120,60,1000000,0.5,90,40,40,40,ground,None,33.5,2,0,2,None,ground
231,Donphan,"['Sturdy', 'Sand Veil']",120,500,60,120,1000000,1.1,90,60,60,50,ground,None,120.0,2,0,2,None,ground
232,Porygon2,"['Trace', 'Download', 'Analytic']",80,515,45,90,1000000,0.6,85,105,95,60,normal,None,32.5,2,0,3,None,normal
233,Stantler,"['Intimidate', 'Frisk', 'Sap Sipper']",95,465,45,62,1250000,1.4,73,85,65,85,normal,None,71.2,2,0,3,None,normal
234,Smeargle,"['Own Tempo', 'Technician', 'Moody']",20,250,45,35,800000,1.2,55,20,45,75,normal,None,58.0,2,0,3,None,normal
235,Tyrogue,"['Guts', 'Steadfast', 'Vital Spirit']",35,210,75,35,1000000,0.7,35,35,35,35,fighting,None,21.0,2,0,3,None,fighting
236,Hitmontop,"['Intimidate', 'Technician', 'Steadfast']",95,455,45,95,1000000,1.4,50,35,110,70,fighting,None,48.0,2,0,3,None,fighting
237,Smoochum,"['Oblivious', 'Forewarn', 'Hydration']",30,305,45,15,1000000,0.4,45,85,65,65,ice,psychic,6.0,2,0,3,Other,ice psychic
238,Elekid,"['Static', 'Vital Spirit']",63,360,45,37,1000000,0.6,45,65,55,95,electric,None,23.5,2,0,2,None,electric
239,Magby,"['Flame Body', 'Vital Spirit']",75,365,45,37,1000000,0.7,45,70,55,83,fire,None,21.4,2,0,2,None,fire
240,Miltank,"['Thick Fat', 'Scrappy', 'Sap Sipper']",80,490,45,105,1250000,1.2,95,40,70,100,normal,None,75.5,2,0,3,None,normal
241,Blissey,"['Natural Cure', 'Serene Grace', 'Healer']",10,540,30,10,800000,1.5,255,75,135,55,normal,None,46.8,2,0,3,None,normal
242,Raikou,"['Pressure', 'Inner Focus']",85,580,3,75,1250000,1.9,90,115,100,115,electric,None,178.0,2,1,2,None,electric
243,Entei,"['Pressure', 'Inner Focus']",115,580,3,85,1250000,2.1,115,90,75,100,fire,None,198.0,2,1,2,None,fire
244,Suicune,"['Pressure', 'Inner Focus']",75,580,3,115,1250000,2.0,100,90,115,85,water,None,187.0,2,1,2,None,water
245,Larvitar,"['Guts', 'Sand Veil']",64,300,45,50,1250000,0.6,50,45,50,41,rock,ground,72.0,2,0,2,Other,rock ground
246,Pupitar,['Shed Skin'],84,410,45,70,1250000,1.2,70,65,70,51,rock,ground,152.0,2,0,1,Other,rock ground
247,Tyranitar,"['Sand Stream', 'Unnerve']",164,700,45,150,1250000,2.0,100,95,120,71,rock,dark,202.0,2,0,2,Other,rock dark
248,Lugia,"['Pressure', 'Multiscale']",90,680,3,130,1250000,5.2,106,90,154,110,psychic,flying,216.0,2,1,2,Other,psychic flying
249,Ho-Oh,"['Pressure', 'Regenerator']",130,680,3,90,1250000,3.8,106,110,154,90,fire,flying,199.0,2,1,2,Other,fire flying
250,Celebi,['Natural Cure'],100,600,45,100,1059860,0.6,100,100,100,100,psychic,grass,5.0,2,1,1,Other,psychic grass
251,Treecko,"['Overgrow', 'Unburden']",45,310,45,35,1059860,0.5,40,65,55,70,grass,None,5.0,3,0,2,None,grass
252,Grovyle,"['Overgrow', 'Unburden']",65,405,45,45,1059860,0.9,50,85,65,95,grass,None,21.6,3,0,2,None,grass
253,Sceptile,"['Overgrow', 'Unburden']",110,630,45,75,1059860,1.7,70,145,85,145,grass,None,52.2,3,0,2,None,grass
254,Torchic,"['Blaze', 'Speed Boost']",60,310,45,40,1059860,0.4,45,70,50,45,fire,None,2.5,3,0,2,None,fire
255,Combusken,"['Blaze', 'Speed Boost']",85,405,45,60,1059860,0.9,60,85,60,55,fire,fighting,19.5,3,0,2,Other,fire fighting
256,Blaziken,"['Blaze', 'Speed Boost']",160,630,45,80,1059860,1.9,80,130,80,100,fire,fighting,52.0,3,0,2,Other,fire fighting
257,Mudkip,"['Torrent', 'Damp']",70,310,45,50,1059860,0.4,50,50,50,40,water,None,7.6,3,0,2,None,water
258,Marshtomp,"['Torrent', 'Damp']",85,405,45,70,1059860,0.7,70,60,70,50,water,ground,28.0,3,0,2,Other,water ground
259,Swampert,"['Torrent', 'Damp']",150,635,45,110,1059860,1.5,100,95,110,70,water,ground,81.9,3,0,2,Other,water ground
260,Poochyena,"['Run Away', 'Quick Feet', 'Rattled']",55,220,255,35,1000000,0.5,35,30,30,35,dark,None,13.6,3,0,3,None,dark
261,Mightyena,"['Intimidate', 'Quick Feet', 'Moxie']",90,420,127,70,1000000,1.0,70,60,60,70,dark,None,37.0,3,0,3,None,dark
262,Zigzagoon,"['Pickup', 'Gluttony', 'Quick Feet']",30,240,255,41,1000000,0.4,38,30,41,60,normal,None,17.5,3,0,3,None,normal
263,Linoone,"['Pickup', 'Gluttony', 'Quick Feet']",70,420,90,61,1000000,0.5,78,50,61,100,normal,None,32.5,3,0,3,None,normal
264,Wurmple,"['Shield Dust', 'Run Away']",45,195,255,35,1000000,0.3,45,20,30,20,bug,None,3.6,3,0,2,None,bug
265,Silcoon,['Shed Skin'],35,205,120,55,1000000,0.6,50,25,25,15,bug,None,10.0,3,0,1,None,bug
266,Beautifly,"['Swarm', 'Rivalry']",70,395,45,50,1000000,1.0,60,100,50,65,bug,flying,28.4,3,0,2,Other,bug flying
267,Cascoon,['Shed Skin'],35,205,120,55,1000000,0.7,50,25,25,15,bug,None,11.5,3,0,1,None,bug
268,Dustox,"['Shield Dust', 'Compoundeyes']",50,385,45,70,1000000,1.2,60,50,90,65,bug,poison,31.6,3,0,2,Other,bug poison
269,Lotad,"['Swift Swim', 'Rain Dish', 'Own Tempo']",30,220,255,30,1059860,0.5,40,40,50,30,water,grass,2.6,3,0,3,Other,water grass
270,Lombre,"['Swift Swim', 'Rain Dish', 'Own Tempo']",50,340,120,50,1059860,1.2,60,60,70,50,water,grass,32.5,3,0,3,Other,water grass
271,Ludicolo,"['Swift Swim', 'Rain Dish', 'Own Tempo']",70,480,45,70,1059860,1.5,80,90,100,70,water,grass,55.0,3,0,3,Other,water grass
272,Seedot,"['Chlorophyll', 'Early Bird', 'Pickpocket']",40,220,255,50,1059860,0.5,40,30,30,30,grass,None,4.0,3,0,3,None,grass
273,Nuzleaf,"['Chlorophyll', 'Early Bird', 'Pickpocket']",70,340,120,40,1059860,1.0,70,60,40,60,grass,dark,28.0,3,0,3,Other,grass dark
274,Shiftry,"['Chlorophyll', 'Early Bird', 'Pickpocket']",100,480,45,60,1059860,1.3,90,90,60,80,grass,dark,59.6,3,0,3,Other,grass dark
275,Taillow,"['Guts', 'Scrappy']",55,270,200,30,1059860,0.3,40,30,30,85,normal,flying,2.3,3,0,2,Other,normal flying
276,Swellow,"['Guts', 'Scrappy']",85,455,45,60,1059860,0.7,60,75,50,125,normal,flying,19.8,3,0,2,Other,normal flying
277,Wingull,"['Keen Eye', 'Hydration', 'Rain Dish']",30,270,190,30,1000000,0.6,40,55,30,85,water,flying,9.5,3,0,3,Other,water flying
278,Pelipper,"['Keen Eye', 'Drizzle', 'Rain Dish']",50,440,45,100,1000000,1.2,60,95,70,65,water,flying,28.0,3,0,3,Other,water flying
279,Ralts,"['Synchronize', 'Trace', 'Telepathy']",25,198,235,25,1250000,0.4,28,45,35,40,psychic,fairy,6.6,3,0,3,Other,psychic fairy
280,Kirlia,"['Synchronize', 'Trace', 'Telepathy']",35,278,120,35,1250000,0.8,38,65,55,50,psychic,fairy,20.2,3,0,3,Other,psychic fairy
281,Gardevoir,"['Synchronize', 'Trace', 'Telepathy']",85,618,45,65,1250000,1.6,68,165,135,100,psychic,fairy,48.4,3,0,3,Other,psychic fairy
282,Surskit,"['Swift Swim', 'Rain Dish']",30,269,200,32,1000000,0.5,40,50,52,65,bug,water,1.7,3,0,2,Other,bug water
283,Masquerain,"['Intimidate', 'Unnerve']",60,454,75,62,1000000,0.8,70,100,82,80,bug,flying,3.6,3,0,2,Other,bug flying
284,Shroomish,"['Effect Spore', 'Poison Heal', 'Quick Feet']",40,295,255,60,1640000,0.4,60,40,60,35,grass,None,4.5,3,0,3,None,grass
285,Breloom,"['Effect Spore', 'Poison Heal', 'Technician']",130,460,90,80,1640000,1.2,60,60,60,70,grass,fighting,39.2,3,0,3,Other,grass fighting
286,Slakoth,['Truant'],60,280,255,60,1250000,0.8,60,35,35,30,normal,None,24.0,3,0,1,None,normal
287,Vigoroth,['Vital Spirit'],80,440,120,80,1250000,1.4,80,55,55,90,normal,None,46.5,3,0,1,None,normal
288,Slaking,['Truant'],160,670,45,100,1250000,2.0,150,95,65,100,normal,None,130.5,3,0,1,None,normal
289,Nincada,"['Compoundeyes', 'Run Away']",45,266,255,90,600000,0.5,31,30,30,40,bug,ground,5.5,3,0,2,Other,bug ground
290,Ninjask,"['Speed Boost', 'Infiltrator']",90,456,120,45,600000,0.8,61,50,50,160,bug,flying,12.0,3,0,2,Other,bug flying
291,Shedinja,['Wonder Guard'],90,236,45,45,600000,0.8,1,30,30,40,bug,ghost,1.2,3,0,1,Other,bug ghost
292,Whismur,"['Soundproof', 'Rattled']",51,240,190,23,1059860,0.6,64,51,23,28,normal,None,16.3,3,0,2,None,normal
293,Loudred,"['Soundproof', 'Scrappy']",71,360,120,43,1059860,1.0,84,71,43,48,normal,None,40.5,3,0,2,None,normal
294,Exploud,"['Soundproof', 'Scrappy']",91,490,45,63,1059860,1.5,104,91,73,68,normal,None,84.0,3,0,2,None,normal
295,Makuhita,"['Thick Fat', 'Guts', 'Sheer Force']",60,237,180,30,1640000,1.0,72,20,30,25,fighting,None,86.4,3,0,3,None,fighting
296,Hariyama,"['Thick Fat', 'Guts', 'Sheer Force']",120,474,200,60,1640000,2.3,144,40,60,50,fighting,None,253.8,3,0,3,None,fighting
297,Azurill,"['Thick Fat', 'Huge Power', 'Sap Sipper']",20,190,150,40,800000,0.2,50,20,40,20,normal,fairy,2.0,3,0,3,Other,normal fairy
298,Nosepass,"['Sturdy', 'Magnet Pull', 'Sand Force']",45,375,255,135,1000000,1.0,30,45,90,30,rock,None,97.0,3,0,3,None,rock
299,Skitty,"['Cute Charm', 'Normalize', 'Wonder Skin ']",45,260,255,45,800000,0.6,50,35,35,50,normal,None,11.0,3,0,3,None,normal
300,Delcatty,"['Cute Charm', 'Normalize', 'Wonder Skin ']",65,400,60,65,800000,1.1,70,55,55,90,normal,None,32.6,3,0,3,None,normal
301,Sableye,"['Keen Eye', 'Stall', 'Prankster']",85,480,45,125,1059860,0.5,50,85,115,20,dark,ghost,11.0,3,0,3,Other,dark ghost
302,Mawile,"['Hyper Cutter', 'Intimidate', 'Sheer Force']",105,480,45,125,800000,0.6,50,55,95,50,steel,fairy,11.5,3,0,3,Other,steel fairy
303,Aron,"['Sturdy', 'Rock Head', 'Heavy Metal']",70,330,180,100,1250000,0.4,50,40,40,30,steel,rock,60.0,3,0,3,Other,steel rock
304,Lairon,"['Sturdy', 'Rock Head', 'Heavy Metal']",90,430,90,140,1250000,0.9,60,50,50,40,steel,rock,120.0,3,0,3,Other,steel rock
305,Aggron,"['Sturdy', 'Rock Head', 'Heavy Metal']",140,630,45,230,1250000,2.1,70,60,80,50,steel,rock,360.0,3,0,3,Other,steel rock
306,Meditite,"['Pure Power', 'Telepathy']",40,280,180,55,1000000,0.6,30,40,55,60,fighting,psychic,11.2,3,0,2,Other,fighting psychic
307,Medicham,"['Pure Power', 'Telepathy']",100,510,90,85,1000000,1.3,60,80,85,100,fighting,psychic,31.5,3,0,2,Other,fighting psychic
308,Electrike,"['Static', 'Lightningrod', 'Minus']",45,295,120,40,1250000,0.6,40,65,40,65,electric,None,15.2,3,0,3,None,electric
309,Manectric,"['Static', 'Lightningrod', 'Minus']",75,575,45,80,1250000,1.5,70,135,80,135,electric,None,40.2,3,0,3,None,electric
310,Plusle,"['Plus', 'Lightningrod']",50,405,200,40,1000000,0.4,60,85,75,95,electric,None,4.2,3,0,2,None,electric
311,Minun,"['Minus', 'Volt Absorb']",40,405,200,50,1000000,0.4,60,75,85,95,electric,None,4.2,3,0,2,None,electric
312,Volbeat,"['Illuminate', 'Swarm', 'Prankster']",73,430,150,75,600000,0.7,65,47,85,85,bug,None,17.7,3,0,3,None,bug
313,Illumise,"['Oblivious', 'Tinted Lens', 'Prankster']",47,430,150,75,1640000,0.6,65,73,85,85,bug,None,17.7,3,0,3,None,bug
314,Roselia,"['Natural Cure', 'Poison Point', 'Leaf Guard']",60,400,150,45,1059860,0.3,50,100,80,65,grass,poison,2.0,3,0,3,Other,grass poison
315,Gulpin,"['Liquid Ooze', 'Sticky Hold', 'Gluttony']",43,302,225,53,1640000,0.4,70,43,53,40,poison,None,10.3,3,0,3,None,poison
316,Swalot,"['Liquid Ooze', 'Sticky Hold', 'Gluttony']",73,467,75,83,1640000,1.7,100,73,83,55,poison,None,80.0,3,0,3,None,poison
317,Carvanha,"['Rough Skin', 'Speed Boost']",90,305,225,20,1250000,0.8,45,65,20,65,water,dark,20.8,3,0,2,Other,water dark
318,Sharpedo,"['Rough Skin', 'Speed Boost']",140,560,60,70,1250000,1.8,70,110,65,105,water,dark,88.8,3,0,2,Other,water dark
319,Wailmer,"['Water Veil', 'Oblivious', 'Pressure']",70,400,125,35,1640000,2.0,130,70,35,60,water,None,130.0,3,0,3,None,water
320,Wailord,"['Water Veil', 'Oblivious', 'Pressure']",90,500,60,45,1640000,14.5,170,90,45,60,water,None,398.0,3,0,3,None,water
321,Numel,"['Oblivious', 'Simple', 'Own Tempo']",60,305,255,40,1000000,0.7,60,65,45,35,fire,ground,24.0,3,0,3,Other,fire ground
322,Camerupt,"['Magma Armor', 'Solid Rock', 'Anger Point']",120,560,150,100,1000000,1.9,70,145,105,20,fire,ground,220.0,3,0,3,Other,fire ground
323,Torkoal,"['White Smoke', 'Drought', 'Shell Armor']",85,470,90,140,1000000,0.5,70,85,70,20,fire,None,80.4,3,0,3,None,fire
324,Spoink,"['Thick Fat', 'Own Tempo', 'Gluttony']",25,330,255,35,800000,0.7,60,70,80,60,psychic,None,30.6,3,0,3,None,psychic
325,Grumpig,"['Thick Fat', 'Own Tempo', 'Gluttony']",45,470,60,65,800000,0.9,80,90,110,80,psychic,None,71.5,3,0,3,None,psychic
326,Spinda,"['Own Tempo', 'Tangled Feet', 'Contrary']",60,360,255,60,800000,1.1,60,60,60,60,normal,None,5.0,3,0,3,None,normal
327,Trapinch,"['Hyper Cutter', 'Arena Trap', 'Sheer Force']",100,290,255,45,1059860,0.7,45,45,45,10,ground,None,15.0,3,0,3,None,ground
328,Vibrava,['Levitate'],70,340,120,50,1059860,1.1,50,50,50,70,ground,dragon,15.3,3,0,1,Other,ground dragon
329,Flygon,['Levitate'],100,520,45,80,1059860,2.0,80,80,80,100,ground,dragon,82.0,3,0,1,Other,ground dragon
330,Cacnea,"['Sand Veil', 'Water Absorb']",85,335,190,40,1059860,0.4,50,85,40,35,grass,None,51.3,3,0,2,None,grass
331,Cacturne,"['Sand Veil', 'Water Absorb']",115,475,60,60,1059860,1.3,70,115,60,55,grass,dark,77.4,3,0,2,Other,grass dark
332,Swablu,"['Natural Cure', 'Cloud Nine']",40,310,255,60,600000,0.4,45,40,75,50,normal,flying,1.2,3,0,2,Other,normal flying
333,Altaria,"['Natural Cure', 'Cloud Nine']",110,590,45,110,600000,1.1,75,110,105,80,dragon,flying,20.6,3,0,2,Other,dragon flying
334,Zangoose,"['Immunity', 'Toxic Boost']",115,458,90,60,600000,1.3,73,60,60,90,normal,None,40.3,3,0,2,None,normal
335,Seviper,"['Shed Skin', 'Infiltrator']",100,458,90,60,1640000,2.7,73,100,60,65,poison,None,52.5,3,0,2,None,poison
336,Lunatone,['Levitate'],55,460,45,65,800000,1.0,90,95,85,70,rock,psychic,168.0,3,0,1,Other,rock psychic
337,Solrock,['Levitate'],95,460,45,85,800000,1.2,90,55,65,70,rock,psychic,154.0,3,0,1,Other,rock psychic
338,Barboach,"['Oblivious', 'Anticipation', 'Hydration']",48,288,190,43,1000000,0.4,50,46,41,60,water,ground,1.9,3,0,3,Other,water ground
339,Whiscash,"['Oblivious', 'Anticipation', 'Hydration']",78,468,75,73,1000000,0.9,110,76,71,60,water,ground,23.6,3,0,3,Other,water ground
340,Corphish,"['Hyper Cutter', 'Shell Armor', 'Adaptability']",80,308,205,65,1640000,0.6,43,50,35,35,water,None,11.5,3,0,3,None,water
341,Crawdaunt,"['Hyper Cutter', 'Shell Armor', 'Adaptability']",120,468,155,85,1640000,1.1,63,90,55,55,water,dark,32.8,3,0,3,Other,water dark
342,Baltoy,['Levitate'],40,300,255,55,1000000,0.5,40,40,70,55,ground,psychic,21.5,3,0,1,Other,ground psychic
343,Claydol,['Levitate'],70,500,90,105,1000000,1.5,60,70,120,75,ground,psychic,108.0,3,0,1,Other,ground psychic
344,Lileep,"['Suction Cups', 'Storm Drain']",41,355,45,77,600000,1.0,66,61,87,23,rock,grass,23.8,3,0,2,Other,rock grass
345,Cradily,"['Suction Cups', 'Storm Drain']",81,495,45,97,600000,1.5,86,81,107,43,rock,grass,60.4,3,0,2,Other,rock grass
346,Anorith,"['Battle Armor', 'Swift Swim']",95,355,45,50,600000,0.7,45,40,50,75,rock,bug,12.5,3,0,2,Other,rock bug
347,Armaldo,"['Battle Armor', 'Swift Swim']",125,495,45,100,600000,1.5,75,70,80,45,rock,bug,68.2,3,0,2,Other,rock bug
348,Feebas,"['Swift Swim', 'Oblivious', 'Adaptability']",15,200,255,20,600000,0.6,20,10,55,80,water,None,7.4,3,0,3,None,water
349,Milotic,"['Marvel Scale', 'Competitive', 'Cute Charm']",60,540,60,79,600000,6.2,95,100,125,81,water,None,162.0,3,0,3,None,water
350,Castform,['Forecast'],70,420,45,70,1000000,0.3,70,70,70,70,normal,None,0.8,3,0,1,None,normal
351,Kecleon,"['Color Change', 'Protean']",90,440,200,70,1059860,1.0,60,60,120,40,normal,None,22.0,3,0,2,None,normal
352,Shuppet,"['Insomnia', 'Frisk', 'Cursed Body']",75,295,225,35,800000,0.6,44,63,33,45,ghost,None,2.3,3,0,3,None,ghost
353,Banette,"['Insomnia', 'Frisk', 'Cursed Body']",165,555,45,75,800000,1.1,64,93,83,75,ghost,None,12.5,3,0,3,None,ghost
354,Duskull,"['Levitate', 'Frisk']",40,295,190,90,800000,0.8,20,30,90,25,ghost,None,15.0,3,0,2,None,ghost
355,Dusclops,"['Pressure', 'Frisk']",70,455,90,130,800000,1.6,40,60,130,25,ghost,None,30.6,3,0,2,None,ghost
356,Tropius,"['Chlorophyll', 'Solar Power', 'Harvest']",68,460,200,83,1250000,2.0,99,72,87,51,grass,flying,100.0,3,0,3,Other,grass flying
357,Chimecho,['Levitate'],50,455,45,80,800000,0.6,75,95,90,65,psychic,None,1.0,3,0,1,None,psychic
358,Absol,"['Pressure', 'Super Luck', 'Justified']",150,565,30,60,1059860,1.2,65,115,60,115,dark,None,47.0,3,0,3,None,dark
359,Wynaut,"['Shadow Tag', 'Telepathy']",23,260,125,48,1000000,0.6,95,23,48,23,psychic,None,14.0,3,0,2,None,psychic
360,Snorunt,"['Inner Focus', 'Ice Body', 'Moody']",50,300,190,50,1000000,0.7,50,50,50,50,ice,None,16.8,3,0,3,None,ice
361,Glalie,"['Inner Focus', 'Ice Body', 'Moody']",120,580,75,80,1000000,1.5,80,120,80,100,ice,None,256.5,3,0,3,None,ice
362,Spheal,"['Thick Fat', 'Ice Body', 'Oblivious']",40,290,255,50,1059860,0.8,70,55,50,25,ice,water,39.5,3,0,3,Other,ice water
363,Sealeo,"['Thick Fat', 'Ice Body', 'Oblivious']",60,410,120,70,1059860,1.1,90,75,70,45,ice,water,87.6,3,0,3,Other,ice water
364,Walrein,"['Thick Fat', 'Ice Body', 'Oblivious']",80,530,45,90,1059860,1.4,110,95,90,65,ice,water,150.6,3,0,3,Other,ice water
365,Clamperl,"['Shell Armor', 'Rattled']",64,345,255,85,600000,0.4,35,74,55,32,water,None,52.5,3,0,2,None,water
366,Huntail,"['Swift Swim', 'Water Veil']",104,485,60,105,600000,1.7,55,94,75,52,water,None,27.0,3,0,2,None,water
367,Gorebyss,"['Swift Swim', 'Hydration']",84,485,60,105,600000,1.8,55,114,75,52,water,None,22.6,3,0,2,None,water
368,Relicanth,"['Swift Swim', 'Rock Head', 'Sturdy']",90,485,25,130,1250000,1.0,100,45,65,55,water,rock,23.4,3,0,3,Other,water rock
369,Luvdisc,"['Swift Swim', 'Hydration']",30,330,225,55,800000,0.6,43,40,65,97,water,None,8.7,3,0,2,None,water
370,Bagon,"['Rock Head', 'Sheer Force']",75,300,45,60,1250000,0.6,45,40,30,50,dragon,None,42.1,3,0,2,None,dragon
371,Shelgon,"['Rock Head', 'Overcoat']",95,420,45,100,1250000,1.1,65,60,50,50,dragon,None,110.5,3,0,2,None,dragon
372,Salamence,"['Intimidate', 'Moxie']",145,700,45,130,1250000,1.5,95,120,90,120,dragon,flying,102.6,3,0,2,Other,dragon flying
373,Beldum,"['Clear Body', 'Light Metal']",55,300,3,80,1250000,0.6,40,35,60,30,steel,psychic,95.2,3,0,2,Other,steel psychic
374,Metang,"['Clear Body', 'Light Metal']",75,420,3,100,1250000,1.2,60,55,80,50,steel,psychic,202.5,3,0,2,Other,steel psychic
375,Metagross,"['Clear Body', 'Light Metal']",145,700,3,150,1250000,1.6,80,105,110,110,steel,psychic,550.0,3,0,2,Other,steel psychic
376,Regirock,"['Clear Body', 'Sturdy']",100,580,3,200,1250000,1.7,80,50,100,50,rock,None,230.0,3,1,2,None,rock
377,Regice,"['Clear Body', 'Ice Body']",50,580,3,100,1250000,1.8,80,100,200,50,ice,None,175.0,3,1,2,None,ice
378,Registeel,"['Clear Body', 'Light Metal']",75,580,3,150,1250000,1.9,80,75,150,50,steel,None,205.0,3,1,2,None,steel
379,Latias,['Levitate'],100,700,3,120,1250000,1.4,80,140,150,110,dragon,psychic,40.0,3,1,1,Other,dragon psychic
380,Latios,['Levitate'],130,700,3,100,1250000,2.0,80,160,120,110,dragon,psychic,60.0,3,1,1,Other,dragon psychic
381,Kyogre,['Drizzle'],150,770,3,90,1250000,4.5,100,180,160,90,water,None,352.0,3,1,1,None,water
382,Groudon,['Drought'],180,770,3,160,1250000,3.5,100,150,90,90,ground,None,950.0,3,1,1,None,ground
383,Rayquaza,['Air Lock'],180,780,45,100,1250000,7.0,105,180,100,115,dragon,flying,206.5,3,1,1,Other,dragon flying
384,Jirachi,['Serene Grace'],100,600,3,100,1250000,0.3,100,100,100,100,steel,psychic,1.1,3,1,1,Other,steel psychic
385,Deoxys,['Pressure'],95,600,3,90,1250000,1.7,50,95,90,180,psychic,None,60.8,3,1,1,None,psychic
386,Turtwig,"['Overgrow', 'Shell Armor']",68,318,45,64,1059860,0.4,55,45,55,31,grass,None,10.2,4,0,2,None,grass
387,Grotle,"['Overgrow', 'Shell Armor']",89,405,45,85,1059860,1.1,75,55,65,36,grass,None,97.0,4,0,2,None,grass
388,Torterra,"['Overgrow', 'Shell Armor']",109,525,45,105,1059860,2.2,95,75,85,56,grass,ground,310.0,4,0,2,Other,grass ground
389,Chimchar,"['Blaze', 'Iron Fist']",58,309,45,44,1059860,0.5,44,58,44,61,fire,None,6.2,4,0,2,None,fire
390,Monferno,"['Blaze', 'Iron Fist']",78,405,45,52,1059860,0.9,64,78,52,81,fire,fighting,22.0,4,0,2,Other,fire fighting
391,Infernape,"['Blaze', 'Iron Fist']",104,534,45,71,1059860,1.2,76,104,71,108,fire,fighting,55.0,4,0,2,Other,fire fighting
392,Piplup,"['Torrent', 'Defiant']",51,314,45,53,1059860,0.4,53,61,56,40,water,None,5.2,4,0,2,None,water
393,Prinplup,"['Torrent', 'Defiant']",66,405,45,68,1059860,0.8,64,81,76,50,water,None,23.0,4,0,2,None,water
394,Empoleon,"['Torrent', 'Defiant']",86,530,45,88,1059860,1.7,84,111,101,60,water,steel,84.5,4,0,2,Other,water steel
395,Starly,"['Keen Eye', 'Reckless']",55,245,255,30,1059860,0.3,40,30,30,60,normal,flying,2.0,4,0,2,Other,normal flying
396,Staravia,"['Intimidate', 'Reckless']",75,340,120,50,1059860,0.6,55,40,40,80,normal,flying,15.5,4,0,2,Other,normal flying
397,Staraptor,"['Intimidate', 'Reckless']",120,485,45,70,1059860,1.2,85,50,60,100,normal,flying,24.9,4,0,2,Other,normal flying
398,Bidoof,"['Simple', 'Unaware', 'Moody']",45,250,255,40,1000000,0.5,59,35,40,31,normal,None,20.0,4,0,3,None,normal
399,Bibarel,"['Simple', 'Unaware', 'Moody']",85,410,127,60,1000000,1.0,79,55,60,71,normal,water,31.5,4,0,3,Other,normal water
400,Kricketot,"['Shed Skin', 'Run Away']",25,194,255,41,1059860,0.3,37,25,41,25,bug,None,2.2,4,0,2,None,bug
401,Kricketune,"['Swarm', 'Technician']",85,384,45,51,1059860,1.0,77,55,51,65,bug,None,25.5,4,0,2,None,bug
402,Shinx,"['Rivalry', 'Intimidate', 'Guts']",65,263,235,34,1059860,0.5,45,40,34,45,electric,None,9.5,4,0,3,None,electric
403,Luxio,"['Rivalry', 'Intimidate', 'Guts']",85,363,120,49,1059860,0.9,60,60,49,60,electric,None,30.5,4,0,3,None,electric
404,Luxray,"['Rivalry', 'Intimidate', 'Guts']",120,523,45,79,1059860,1.4,80,95,79,70,electric,None,42.0,4,0,3,None,electric
405,Budew,"['Natural Cure', 'Poison Point', 'Leaf Guard']",30,280,255,35,1059860,0.2,40,50,70,55,grass,poison,1.2,4,0,3,Other,grass poison
406,Roserade,"['Natural Cure', 'Poison Point', 'Technician']",70,515,75,65,1059860,0.9,60,125,105,90,grass,poison,14.5,4,0,3,Other,grass poison
407,Cranidos,"['Mold Breaker', 'Sheer Force']",125,350,45,40,600000,0.9,67,30,30,58,rock,None,31.5,4,0,2,None,rock
408,Rampardos,"['Mold Breaker', 'Sheer Force']",165,495,45,60,600000,1.6,97,65,50,58,rock,None,102.5,4,0,2,None,rock
409,Shieldon,"['Sturdy', 'Soundproof']",42,350,45,118,600000,0.5,30,42,88,30,rock,steel,57.0,4,0,2,Other,rock steel
410,Bastiodon,"['Sturdy', 'Soundproof']",52,495,45,168,600000,1.3,60,47,138,30,rock,steel,149.5,4,0,2,Other,rock steel
411,Burmy,"['Shed Skin', 'Overcoat']",29,224,120,45,1000000,0.2,40,29,45,36,bug,None,3.4,4,0,2,None,bug
412,Wormadam,"['Anticipation', 'Overcoat']",69,424,45,95,1000000,0.5,60,69,95,36,bug,grass,6.5,4,0,2,Other,bug grass
413,Mothim,"['Swarm', 'Tinted Lens']",94,424,45,50,1000000,0.9,70,94,50,66,bug,flying,23.3,4,0,2,Other,bug flying
414,Combee,"['Honey Gather', 'Hustle']",30,244,120,42,1059860,0.3,30,30,42,70,bug,flying,5.5,4,0,2,Other,bug flying
415,Vespiquen,"['Pressure', 'Unnerve']",80,474,45,102,1059860,1.2,70,80,102,40,bug,flying,38.5,4,0,2,Other,bug flying
416,Pachirisu,"['Run Away', 'Pickup', 'Volt Absorb']",45,405,200,70,1000000,0.4,60,45,90,95,electric,None,3.9,4,0,3,None,electric
417,Buizel,"['Swift Swim', 'Water Veil']",65,330,190,35,1000000,0.7,55,60,30,85,water,None,29.5,4,0,2,None,water
418,Floatzel,"['Swift Swim', 'Water Veil']",105,495,75,55,1000000,1.1,85,85,50,115,water,None,33.5,4,0,2,None,water
419,Cherubi,['Chlorophyll'],35,275,190,45,1000000,0.4,45,62,53,35,grass,None,3.3,4,0,1,None,grass
420,Cherrim,['Flower Gift'],60,450,75,70,1000000,0.5,70,87,78,85,grass,None,9.3,4,0,1,None,grass
421,Shellos,"['Sticky Hold', 'Storm Drain', 'Sand Force']",48,325,190,48,1000000,0.3,76,57,62,34,water,None,6.3,4,0,3,None,water
422,Gastrodon,"['Sticky Hold', 'Storm Drain', 'Sand Force']",83,475,75,68,1000000,0.9,111,92,82,39,water,ground,29.9,4,0,3,Other,water ground
423,Ambipom,"['Technician', 'Pickup', 'Skill Link']",100,482,45,66,800000,1.2,75,60,66,115,normal,None,20.3,4,0,3,None,normal
424,Drifloon,"['Aftermath', 'Unburden', 'Flare Boost']",50,348,125,34,1640000,0.4,90,60,44,70,ghost,flying,1.2,4,0,3,Other,ghost flying
425,Drifblim,"['Aftermath', 'Unburden', 'Flare Boost']",80,498,60,44,1640000,1.2,150,90,54,80,ghost,flying,15.0,4,0,3,Other,ghost flying
426,Buneary,"['Run Away', 'Klutz', 'Limber']",66,350,190,44,1000000,0.4,55,44,56,85,normal,None,5.5,4,0,3,None,normal
427,Lopunny,"['Cute Charm', 'Klutz', 'Limber']",136,580,60,94,1000000,1.2,65,54,96,135,normal,None,33.3,4,0,3,None,normal
428,Mismagius,['Levitate'],60,495,45,60,800000,0.9,60,105,105,105,ghost,None,4.4,4,0,1,None,ghost
429,Honchkrow,"['Insomnia', 'Super Luck', 'Moxie']",125,505,30,52,1059860,0.9,100,105,52,71,dark,flying,27.3,4,0,3,Other,dark flying
430,Glameow,"['Limber', 'Own Tempo', 'Keen Eye']",55,310,190,42,800000,0.5,49,42,37,85,normal,None,3.9,4,0,3,None,normal
431,Purugly,"['Thick Fat', 'Own Tempo', 'Defiant']",82,452,75,64,800000,1.0,71,64,59,112,normal,None,43.8,4,0,3,None,normal
432,Chingling,['Levitate'],30,285,120,50,800000,0.2,45,65,50,45,psychic,None,0.6,4,0,1,None,psychic
433,Stunky,"['Stench', 'Aftermath', 'Keen Eye']",63,329,225,47,1000000,0.4,63,41,41,74,poison,dark,19.2,4,0,3,Other,poison dark
434,Skuntank,"['Stench', 'Aftermath', 'Keen Eye']",93,479,60,67,1000000,1.0,103,71,61,84,poison,dark,38.0,4,0,3,Other,poison dark
435,Bronzor,"['Levitate', 'Heatproof', 'Heavy Metal']",24,300,255,86,1000000,0.5,57,24,86,23,steel,psychic,60.5,4,0,3,Other,steel psychic
436,Bronzong,"['Levitate', 'Heatproof', 'Heavy Metal']",89,500,90,116,1000000,1.3,67,79,116,33,steel,psychic,187.0,4,0,3,Other,steel psychic
437,Bonsly,"['Sturdy', 'Rock Head', 'Rattled']",80,290,255,95,1000000,0.5,50,10,45,10,rock,None,15.0,4,0,3,None,rock
438,Mime Jr.,"['Soundproof', 'Filter', 'Technician']",25,310,145,45,1000000,0.6,20,70,90,60,psychic,fairy,13.0,4,0,3,Other,psychic fairy
439,Happiny,"['Natural Cure', 'Serene Grace', 'Friend Guard']",5,220,130,5,800000,0.6,100,15,65,30,normal,None,24.4,4,0,3,None,normal
440,Chatot,"['Keen Eye', 'Tangled Feet', 'Big Pecks']",65,411,30,45,1059860,0.5,76,92,42,91,normal,flying,1.9,4,0,3,Other,normal flying
441,Spiritomb,"['Pressure', 'Infiltrator']",92,485,100,108,1000000,1.0,50,92,108,35,ghost,dark,108.0,4,0,2,Other,ghost dark
442,Gible,"['Sand Veil', 'Rough Skin']",70,300,45,45,1250000,0.7,58,40,45,42,dragon,ground,20.5,4,0,2,Other,dragon ground
443,Gabite,"['Sand Veil', 'Rough Skin']",90,410,45,65,1250000,1.4,68,50,55,82,dragon,ground,56.0,4,0,2,Other,dragon ground
444,Garchomp,"['Sand Veil', 'Rough Skin']",170,700,45,115,1250000,1.9,108,120,95,92,dragon,ground,95.0,4,0,2,Other,dragon ground
445,Munchlax,"['Pickup', 'Thick Fat', 'Gluttony']",85,390,50,40,1250000,0.6,135,40,85,5,normal,None,105.0,4,0,3,None,normal
446,Riolu,"['Steadfast', 'Inner Focus', 'Prankster']",70,285,75,40,1059860,0.7,40,35,40,60,fighting,None,20.2,4,0,3,None,fighting
447,Lucario,"['Steadfast', 'Inner Focus', 'Justified']",145,625,45,88,1059860,1.2,70,140,70,112,fighting,steel,54.0,4,0,3,Other,fighting steel
448,Hippopotas,"['Sand Stream', 'Sand Force']",72,330,140,78,1250000,0.8,68,38,42,32,ground,None,49.5,4,0,2,None,ground
449,Hippowdon,"['Sand Stream', 'Sand Force']",112,525,60,118,1250000,2.0,108,68,72,47,ground,None,300.0,4,0,2,None,ground
450,Skorupi,"['Battle Armor', 'Sniper', 'Keen Eye']",50,330,120,90,1250000,0.8,40,30,55,65,poison,bug,12.0,4,0,3,Other,poison bug
451,Drapion,"['Battle Armor', 'Sniper', 'Keen Eye']",90,500,45,110,1250000,1.3,70,60,75,95,poison,dark,61.5,4,0,3,Other,poison dark
452,Croagunk,"['Anticipation', 'Dry Skin', 'Poison Touch']",61,300,140,40,1000000,0.7,48,61,40,50,poison,fighting,23.0,4,0,3,Other,poison fighting
453,Toxicroak,"['Anticipation', 'Dry Skin', 'Poison Touch']",106,490,75,65,1000000,1.3,83,86,65,85,poison,fighting,44.4,4,0,3,Other,poison fighting
454,Carnivine,['Levitate'],100,454,200,72,1250000,1.4,74,90,72,46,grass,None,27.0,4,0,1,None,grass
455,Finneon,"['Swift Swim', 'Storm Drain', 'Water Veil']",49,330,190,56,600000,0.4,49,49,61,66,water,None,7.0,4,0,3,None,water
456,Lumineon,"['Swift Swim', 'Storm Drain', 'Water Veil']",69,460,75,76,600000,1.2,69,69,86,91,water,None,24.0,4,0,3,None,water
457,Mantyke,"['Swift Swim', 'Water Absorb', 'Water Veil']",20,345,25,50,1250000,1.0,45,60,120,50,water,flying,65.0,4,0,3,Other,water flying
458,Snover,"['Snow Warning', 'Soundproof']",62,334,120,50,1250000,1.0,60,62,60,40,grass,ice,50.5,4,0,2,Other,grass ice
459,Abomasnow,"['Snow Warning', 'Soundproof']",132,594,60,105,1250000,2.2,90,132,105,30,grass,ice,135.5,4,0,2,Other,grass ice
460,Weavile,"['Pressure', 'Pickpocket']",120,510,45,65,1059860,1.1,70,45,85,125,dark,ice,34.0,4,0,2,Other,dark ice
461,Magnezone,"['Magnet Pull', 'Sturdy', 'Analytic']",70,535,30,115,1000000,1.2,70,130,90,60,electric,steel,180.0,4,0,3,Other,electric steel
462,Lickilicky,"['Own Tempo', 'Oblivious', 'Cloud Nine']",85,515,30,95,1000000,1.7,110,80,95,50,normal,None,140.0,4,0,3,None,normal
463,Rhyperior,"['Lightningrod', 'Solid Rock', 'Reckless']",140,535,30,130,1250000,2.4,115,55,55,40,ground,rock,282.8,4,0,3,Other,ground rock
464,Tangrowth,"['Chlorophyll', 'Leaf Guard', 'Regenerator']",100,535,30,125,1000000,2.0,100,110,50,50,grass,None,128.6,4,0,3,None,grass
465,Electivire,"['Motor Drive', 'Vital Spirit']",123,540,30,67,1000000,1.8,75,95,85,95,electric,None,138.6,4,0,2,None,electric
466,Magmortar,"['Flame Body', 'Vital Spirit']",95,540,30,67,1000000,1.6,75,125,95,83,fire,None,68.0,4,0,2,None,fire
467,Togekiss,"['Hustle', 'Serene Grace', 'Super Luck']",50,545,30,95,800000,1.5,85,120,115,80,fairy,flying,38.0,4,0,3,Other,fairy flying
468,Yanmega,"['Speed Boost', 'Tinted Lens', 'Frisk']",76,515,30,86,1000000,1.9,86,116,56,95,bug,flying,51.5,4,0,3,Other,bug flying
469,Leafeon,"['Leaf Guard', 'Chlorophyll']",110,525,45,130,1000000,1.0,65,60,65,95,grass,None,25.5,4,0,2,None,grass
470,Glaceon,"['Snow Cloak', 'Ice Body']",60,525,45,110,1000000,0.8,65,130,95,65,ice,None,25.9,4,0,2,None,ice
471,Gliscor,"['Hyper Cutter', 'Sand Veil', 'Poison Heal']",95,510,30,125,1059860,2.0,75,45,75,95,ground,flying,42.5,4,0,3,Other,ground flying
472,Mamoswine,"['Oblivious', 'Snow Cloak', 'Thick Fat']",130,530,50,80,1250000,2.5,110,70,60,80,ice,ground,291.0,4,0,3,Other,ice ground
473,Porygon-Z,"['Adaptability', 'Download', 'Analytic']",80,535,30,70,1000000,0.9,85,135,75,90,normal,None,34.0,4,0,3,None,normal
474,Gallade,"['Steadfast', 'Justified']",165,618,45,95,1250000,1.6,68,65,115,110,psychic,fighting,52.0,4,0,2,Other,psychic fighting
475,Probopass,"['Sturdy', 'Magnet Pull', 'Sand Force']",55,525,60,145,1000000,1.4,60,75,150,40,rock,steel,340.0,4,0,3,Other,rock steel
476,Dusknoir,"['Pressure', 'Frisk']",100,525,45,135,800000,2.2,45,65,135,45,ghost,None,106.6,4,0,2,None,ghost
477,Froslass,"['Snow Cloak', 'Cursed Body']",80,480,75,70,1000000,1.3,70,80,70,110,ice,ghost,26.6,4,0,2,Other,ice ghost
478,Rotom,['Levitate'],65,520,45,107,1000000,0.3,50,105,107,86,electric,ghost,0.3,4,0,1,Other,electric ghost
479,Uxie,['Levitate'],75,580,3,130,1250000,0.3,75,75,130,95,psychic,None,0.3,4,1,1,None,psychic
480,Mesprit,['Levitate'],105,580,3,105,1250000,0.3,80,105,105,80,psychic,None,0.3,4,1,1,None,psychic
481,Azelf,['Levitate'],125,580,3,70,1250000,0.3,75,125,70,115,psychic,None,0.3,4,1,1,None,psychic
482,Dialga,"['Pressure', 'Telepathy']",120,680,3,120,1250000,5.4,100,150,100,90,steel,dragon,683.0,4,1,2,Other,steel dragon
483,Palkia,"['Pressure', 'Telepathy']",120,680,3,100,1250000,4.2,90,150,120,100,water,dragon,336.0,4,1,2,Other,water dragon
484,Heatran,"['Flash Fire', 'Flame Body']",90,600,3,106,1250000,1.7,91,130,106,77,fire,steel,430.0,4,1,2,Other,fire steel
485,Regigigas,['Slow Start'],160,670,3,110,1250000,3.7,110,80,110,100,normal,None,420.0,4,1,1,None,normal
486,Giratina,"['Pressure', 'Telepathy', 'Levitate']",120,680,3,100,1250000,4.5,150,120,100,90,ghost,dragon,750.0,4,1,3,Other,ghost dragon
487,Cresselia,['Levitate'],70,600,3,120,1250000,1.5,120,75,130,85,psychic,None,85.6,4,1,1,None,psychic
488,Phione,['Hydration'],80,480,30,80,1250000,0.4,80,80,80,80,water,None,3.1,4,0,1,None,water
489,Manaphy,['Hydration'],100,600,3,100,1250000,0.3,100,100,100,100,water,None,1.4,4,1,1,None,water
490,Darkrai,['Bad Dreams'],90,600,3,90,1250000,1.5,70,135,90,125,dark,None,50.5,4,1,1,None,dark
491,Shaymin,"['Natural Cure', 'Serene Grace']",103,600,45,75,1059860,0.2,100,120,75,127,grass,grass,2.1,4,1,2,Other,grass grass
492,Arceus,['Multitype'],120,720,3,120,1250000,3.2,120,120,120,120,normal,None,320.0,4,1,1,None,normal
493,Victini,['Victory Star'],100,600,3,100,1250000,0.4,100,100,100,100,psychic,fire,4.0,5,1,1,Other,psychic fire
494,Snivy,"['Overgrow', 'Contrary']",45,308,45,55,1059860,0.6,45,45,55,63,grass,None,8.1,5,0,2,None,grass
495,Servine,"['Overgrow', 'Contrary']",60,413,45,75,1059860,0.8,60,60,75,83,grass,None,16.0,5,0,2,None,grass
496,Serperior,"['Overgrow', 'Contrary']",75,528,45,95,1059860,3.3,75,75,95,113,grass,None,63.0,5,0,2,None,grass
497,Tepig,"['Blaze', 'Thick Fat']",63,308,45,45,1059860,0.5,65,45,45,45,fire,None,9.9,5,0,2,None,fire
498,Pignite,"['Blaze', 'Thick Fat']",93,418,45,55,1059860,1.0,90,70,55,55,fire,fighting,55.5,5,0,2,Other,fire fighting
499,Emboar,"['Blaze', 'Reckless']",123,528,45,65,1059860,1.6,110,100,65,65,fire,fighting,150.0,5,0,2,Other,fire fighting
500,Oshawott,"['Torrent', 'Shell Armor']",55,308,45,45,1059860,0.5,55,63,45,45,water,None,5.9,5,0,2,None,water
501,Dewott,"['Torrent', 'Shell Armor']",75,413,45,60,1059860,0.8,75,83,60,60,water,None,24.5,5,0,2,None,water
502,Samurott,"['Torrent', 'Shell Armor']",100,528,45,85,1059860,1.5,95,108,70,70,water,None,94.6,5,0,2,None,water
503,Patrat,"['Run Away', 'Keen Eye', 'Analytic']",55,255,255,39,1000000,0.5,45,35,39,42,normal,None,11.6,5,0,3,None,normal
504,Watchog,"['Illuminate', 'Keen Eye', 'Analytic']",85,420,255,69,1000000,1.1,60,60,69,77,normal,None,27.0,5,0,3,None,normal
505,Lillipup,"['Vital Spirit', 'Pickup', 'Run Away']",60,275,255,45,1059860,0.4,45,25,45,55,normal,None,4.1,5,0,3,None,normal
506,Herdier,"['Intimidate', 'Sand Rush', 'Scrappy']",80,370,120,65,1059860,0.9,65,35,65,60,normal,None,14.7,5,0,3,None,normal
507,Stoutland,"['Intimidate', 'Sand Rush', 'Scrappy']",110,500,45,90,1059860,1.2,85,45,90,80,normal,None,61.0,5,0,3,None,normal
508,Purrloin,"['Limber', 'Unburden', 'Prankster']",50,281,255,37,1000000,0.4,41,50,37,66,dark,None,10.1,5,0,3,None,dark
509,Liepard,"['Limber', 'Unburden', 'Prankster']",88,446,90,50,1000000,1.1,64,88,50,106,dark,None,37.5,5,0,3,None,dark
510,Pansage,"['Gluttony', 'Overgrow']",53,316,190,48,1000000,0.6,50,53,48,64,grass,None,10.5,5,0,2,None,grass
511,Simisage,"['Gluttony', 'Overgrow']",98,498,75,63,1000000,1.1,75,98,63,101,grass,None,30.5,5,0,2,None,grass
512,Pansear,"['Gluttony', 'Blaze']",53,316,190,48,1000000,0.6,50,53,48,64,fire,None,11.0,5,0,2,None,fire
513,Simisear,"['Gluttony', 'Blaze']",98,498,75,63,1000000,1.0,75,98,63,101,fire,None,28.0,5,0,2,None,fire
514,Panpour,"['Gluttony', 'Torrent']",53,316,190,48,1000000,0.6,50,53,48,64,water,None,13.5,5,0,2,None,water
515,Simipour,"['Gluttony', 'Torrent']",98,498,75,63,1000000,1.0,75,98,63,101,water,None,29.0,5,0,2,None,water
516,Munna,"['Forewarn', 'Synchronize', 'Telepathy']",25,292,190,45,800000,0.6,76,67,55,24,psychic,None,23.3,5,0,3,None,psychic
517,Musharna,"['Forewarn', 'Synchronize', 'Telepathy']",55,487,75,85,800000,1.1,116,107,95,29,psychic,None,60.5,5,0,3,None,psychic
518,Pidove,"['Big Pecks', 'Super Luck', 'Rivalry']",55,264,255,50,1059860,0.3,50,36,30,43,normal,flying,2.1,5,0,3,Other,normal flying
519,Tranquill,"['Big Pecks', 'Super Luck', 'Rivalry']",77,358,120,62,1059860,0.6,62,50,42,65,normal,flying,15.0,5,0,3,Other,normal flying
520,Unfezant,"['Big Pecks', 'Super Luck', 'Rivalry']",115,488,45,80,1059860,1.2,80,65,55,93,normal,flying,29.0,5,0,3,Other,normal flying
521,Blitzle,"['Lightningrod', 'Motor Drive', 'Sap Sipper']",60,295,190,32,1000000,0.8,45,50,32,76,electric,None,29.8,5,0,3,None,electric
522,Zebstrika,"['Lightningrod', 'Motor Drive', 'Sap Sipper']",100,497,75,63,1000000,1.6,75,80,63,116,electric,None,79.5,5,0,3,None,electric
523,Roggenrola,"['Sturdy', 'Weak Armor', 'Sand Force']",75,280,255,85,1059860,0.4,55,25,25,15,rock,None,18.0,5,0,3,None,rock
524,Boldore,"['Sturdy', 'Weak Armor', 'Sand Force']",105,390,120,105,1059860,0.9,70,50,40,20,rock,None,102.0,5,0,3,None,rock
525,Gigalith,"['Sturdy', 'Sand Stream', 'Sand Force']",135,515,45,130,1059860,1.7,85,60,80,25,rock,None,260.0,5,0,3,None,rock
526,Woobat,"['Unaware', 'Klutz', 'Simple']",45,323,190,43,1000000,0.4,65,55,43,72,psychic,flying,2.1,5,0,3,Other,psychic flying
527,Swoobat,"['Unaware', 'Klutz', 'Simple']",57,425,45,55,1000000,0.9,67,77,55,114,psychic,flying,10.5,5,0,3,Other,psychic flying
528,Drilbur,"['Sand Rush', 'Sand Force', 'Mold Breaker']",85,328,120,40,1000000,0.3,60,30,45,68,ground,None,8.5,5,0,3,None,ground
529,Excadrill,"['Sand Rush', 'Sand Force', 'Mold Breaker']",135,508,60,60,1000000,0.7,110,50,65,88,ground,steel,40.4,5,0,3,Other,ground steel
530,Audino,"['Healer', 'Regenerator', 'Klutz']",60,545,255,126,800000,1.1,103,80,126,50,normal,None,31.0,5,0,3,None,normal
531,Timburr,"['Guts', 'Sheer Force', 'Iron Fist']",80,305,180,55,1059860,0.6,75,25,35,35,fighting,None,12.5,5,0,3,None,fighting
532,Gurdurr,"['Guts', 'Sheer Force', 'Iron Fist']",105,405,90,85,1059860,1.2,85,40,50,40,fighting,None,40.0,5,0,3,None,fighting
533,Conkeldurr,"['Guts', 'Sheer Force', 'Iron Fist']",140,505,45,95,1059860,1.4,105,55,65,45,fighting,None,87.0,5,0,3,None,fighting
534,Tympole,"['Swift Swim', 'Hydration', 'Water Absorb']",50,294,255,40,1059860,0.5,50,50,40,64,water,None,4.5,5,0,3,None,water
535,Palpitoad,"['Swift Swim', 'Hydration', 'Water Absorb']",65,384,120,55,1059860,0.8,75,65,55,69,water,ground,17.0,5,0,3,Other,water ground
536,Seismitoad,"['Swift Swim', 'Poison Touch', 'Water Absorb']",95,509,45,75,1059860,1.5,105,85,75,74,water,ground,62.0,5,0,3,Other,water ground
537,Throh,"['Guts', 'Inner Focus', 'Mold Breaker']",100,465,45,85,1000000,1.3,120,30,85,45,fighting,None,55.5,5,0,3,None,fighting
538,Sawk,"['Sturdy', 'Inner Focus', 'Mold Breaker']",125,465,45,75,1000000,1.4,75,30,75,85,fighting,None,51.0,5,0,3,None,fighting
539,Sewaddle,"['Swarm', 'Chlorophyll', 'Overcoat']",53,310,255,70,1059860,0.3,45,40,60,42,bug,grass,2.5,5,0,3,Other,bug grass
540,Swadloon,"['Leaf Guard', 'Chlorophyll', 'Overcoat']",63,380,120,90,1059860,0.5,55,50,80,42,bug,grass,7.3,5,0,3,Other,bug grass
541,Leavanny,"['Swarm', 'Chlorophyll', 'Overcoat']",103,500,45,80,1059860,1.2,75,70,80,92,bug,grass,20.5,5,0,3,Other,bug grass
542,Venipede,"['Poison Point', 'Swarm', 'Speed Boost']",45,260,255,59,1059860,0.4,30,30,39,57,bug,poison,5.3,5,0,3,Other,bug poison
543,Whirlipede,"['Poison Point', 'Swarm', 'Speed Boost']",55,360,120,99,1059860,1.2,40,40,79,47,bug,poison,58.5,5,0,3,Other,bug poison
544,Scolipede,"['Poison Point', 'Swarm', 'Speed Boost']",100,485,45,89,1059860,2.5,60,55,69,112,bug,poison,200.5,5,0,3,Other,bug poison
545,Cottonee,"['Prankster', 'Infiltrator', 'Chlorophyll']",27,280,190,60,1000000,0.3,40,37,50,66,grass,fairy,0.6,5,0,3,Other,grass fairy
546,Whimsicott,"['Prankster', 'Infiltrator', 'Chlorophyll']",67,480,75,85,1000000,0.7,60,77,75,116,grass,fairy,6.6,5,0,3,Other,grass fairy
547,Petilil,"['Chlorophyll', 'Own Tempo', 'Leaf Guard']",35,280,190,50,1000000,0.5,45,70,50,30,grass,None,6.6,5,0,3,None,grass
548,Lilligant,"['Chlorophyll', 'Own Tempo', 'Leaf Guard']",60,480,75,75,1000000,1.1,70,110,75,90,grass,None,16.3,5,0,3,None,grass
549,Basculin,"['Reckless', 'Rock Head', 'Adaptability', 'Mold Breaker']",92,460,25,65,1000000,1.0,70,80,55,98,water,None,18.0,5,0,4,None,water
550,Sandile,"['Intimidate', 'Moxie', 'Anger Point']",72,292,180,35,1059860,0.7,50,35,35,65,ground,dark,15.2,5,0,3,Other,ground dark
551,Krokorok,"['Intimidate', 'Moxie', 'Anger Point']",82,351,90,45,1059860,1.0,60,45,45,74,ground,dark,33.4,5,0,3,Other,ground dark
552,Krookodile,"['Intimidate', 'Moxie', 'Anger Point']",117,519,45,80,1059860,1.5,95,65,70,92,ground,dark,96.3,5,0,3,Other,ground dark
553,Darumaka,"['Hustle', 'Inner Focus']",90,315,120,45,1059860,0.6,70,15,45,50,fire,None,37.5,5,0,2,None,fire
554,Darmanitan,"['Sheer Force', 'Zen Mode']",30,540,60,105,1059860,1.3,105,140,105,55,fire,fire,92.9,5,0,2,Other,fire fire
555,Maractus,"['Water Absorb', 'Chlorophyll', 'Storm Drain']",86,461,255,67,1000000,1.0,75,106,67,60,grass,None,28.0,5,0,3,None,grass
556,Dwebble,"['Sturdy', 'Shell Armor', 'Weak Armor']",65,325,190,85,1000000,0.3,50,35,35,55,bug,rock,14.5,5,0,3,Other,bug rock
557,Crustle,"['Sturdy', 'Shell Armor', 'Weak Armor']",105,485,75,125,1000000,1.4,70,65,75,45,bug,rock,200.0,5,0,3,Other,bug rock
558,Scraggy,"['Shed Skin', 'Moxie', 'Intimidate']",75,348,180,70,1000000,0.6,50,35,70,48,dark,fighting,11.8,5,0,3,Other,dark fighting
559,Scrafty,"['Shed Skin', 'Moxie', 'Intimidate']",90,488,90,115,1000000,1.1,65,45,115,58,dark,fighting,30.0,5,0,3,Other,dark fighting
560,Sigilyph,"['Wonder Skin ', 'Magic Guard', 'Tinted Lens']",58,490,45,80,1000000,1.4,72,103,80,97,psychic,flying,14.0,5,0,3,Other,psychic flying
561,Yamask,['Mummy'],30,303,190,85,1000000,0.5,38,55,65,30,ghost,None,1.5,5,0,1,None,ghost
562,Cofagrigus,['Mummy'],50,483,90,145,1000000,1.7,58,95,105,30,ghost,None,76.5,5,0,1,None,ghost
563,Tirtouga,"['Solid Rock', 'Sturdy', 'Swift Swim']",78,355,45,103,1000000,0.7,54,53,45,22,water,rock,16.5,5,0,3,Other,water rock
564,Carracosta,"['Solid Rock', 'Sturdy', 'Swift Swim']",108,495,45,133,1000000,1.2,74,83,65,32,water,rock,81.0,5,0,3,Other,water rock
565,Archen,['Defeatist'],112,401,45,45,1000000,0.5,55,74,45,70,rock,flying,9.5,5,0,1,Other,rock flying
566,Archeops,['Defeatist'],140,567,45,65,1000000,1.4,75,112,65,110,rock,flying,32.0,5,0,1,Other,rock flying
567,Trubbish,"['Stench', 'Sticky Hold', 'Aftermath']",50,329,190,62,1000000,0.6,50,40,62,65,poison,None,31.0,5,0,3,None,poison
568,Garbodor,"['Stench', 'Weak Armor', 'Aftermath']",95,474,60,82,1000000,1.9,80,60,82,75,poison,None,107.3,5,0,3,None,poison
569,Zorua,['Illusion'],65,330,75,40,1059860,0.7,40,80,40,65,dark,None,12.5,5,0,1,None,dark
570,Zoroark,['Illusion'],105,510,45,60,1059860,1.6,60,120,60,105,dark,None,81.1,5,0,1,None,dark
571,Minccino,"['Cute Charm', 'Technician', 'Skill Link']",50,300,255,40,800000,0.4,55,40,40,75,normal,None,5.8,5,0,3,None,normal
572,Cinccino,"['Cute Charm', 'Technician', 'Skill Link']",95,470,60,60,800000,0.5,75,65,60,115,normal,None,7.5,5,0,3,None,normal
573,Gothita,"['Frisk', 'Competitive', 'Shadow Tag']",30,290,200,50,1059860,0.4,45,55,65,45,psychic,None,5.8,5,0,3,None,psychic
574,Gothorita,"['Frisk', 'Competitive', 'Shadow Tag']",45,390,100,70,1059860,0.7,60,75,85,55,psychic,None,18.0,5,0,3,None,psychic
575,Gothitelle,"['Frisk', 'Competitive', 'Shadow Tag']",55,490,50,95,1059860,1.5,70,95,110,65,psychic,None,44.0,5,0,3,None,psychic
576,Solosis,"['Overcoat', 'Magic Guard', 'Regenerator']",30,290,200,40,1059860,0.3,45,105,50,20,psychic,None,1.0,5,0,3,None,psychic
577,Duosion,"['Overcoat', 'Magic Guard', 'Regenerator']",40,370,100,50,1059860,0.6,65,125,60,30,psychic,None,8.0,5,0,3,None,psychic
578,Reuniclus,"['Overcoat', 'Magic Guard', 'Regenerator']",65,490,50,75,1059860,1.0,110,125,85,30,psychic,None,20.1,5,0,3,None,psychic
579,Ducklett,"['Keen Eye', 'Big Pecks', 'Hydration']",44,305,190,50,1000000,0.5,62,44,50,55,water,flying,5.5,5,0,3,Other,water flying
580,Swanna,"['Keen Eye', 'Big Pecks', 'Hydration']",87,473,45,63,1000000,1.3,75,87,63,98,water,flying,24.2,5,0,3,Other,water flying
581,Vanillite,"['Ice Body', 'Snow Cloak', 'Weak Armor']",50,305,255,50,1250000,0.4,36,65,60,44,ice,None,5.7,5,0,3,None,ice
582,Vanillish,"['Ice Body', 'Snow Cloak', 'Weak Armor']",65,395,120,65,1250000,1.1,51,80,75,59,ice,None,41.0,5,0,3,None,ice
583,Vanilluxe,"['Ice Body', 'Snow Warning', 'Weak Armor']",95,535,45,85,1250000,1.3,71,110,95,79,ice,None,57.5,5,0,3,None,ice
584,Deerling,"['Chlorophyll', 'Sap Sipper', 'Serene Grace']",60,335,190,50,1000000,0.6,60,40,50,75,normal,grass,19.5,5,0,3,Other,normal grass
585,Sawsbuck,"['Chlorophyll', 'Sap Sipper', 'Serene Grace']",100,475,75,70,1000000,1.9,80,60,70,95,normal,grass,92.5,5,0,3,Other,normal grass
586,Emolga,"['Static', 'Motor Drive']",75,428,200,60,1000000,0.4,55,75,60,103,electric,flying,5.0,5,0,2,Other,electric flying
587,Karrablast,"['Swarm', 'Shed Skin', 'No Guard']",75,315,200,45,1000000,0.5,50,40,45,60,bug,None,5.9,5,0,3,None,bug
588,Escavalier,"['Swarm', 'Shell Armor', 'Overcoat']",135,495,75,105,1000000,1.0,70,60,105,20,bug,steel,33.0,5,0,3,Other,bug steel
589,Foongus,"['Effect Spore', 'Regenerator']",55,294,190,45,1000000,0.2,69,55,55,15,grass,poison,1.0,5,0,2,Other,grass poison
590,Amoonguss,"['Effect Spore', 'Regenerator']",85,464,75,70,1000000,0.6,114,85,80,30,grass,poison,10.5,5,0,2,Other,grass poison
591,Frillish,"['Water Absorb', 'Cursed Body', 'Damp']",40,335,190,50,1000000,1.2,55,65,85,40,water,ghost,33.0,5,0,3,Other,water ghost
592,Jellicent,"['Water Absorb', 'Cursed Body', 'Damp']",60,480,60,70,1000000,2.2,100,85,105,60,water,ghost,135.0,5,0,3,Other,water ghost
593,Alomomola,"['Healer', 'Hydration', 'Regenerator']",75,470,75,80,800000,1.2,165,40,45,65,water,None,31.6,5,0,3,None,water
594,Joltik,"['Compoundeyes', 'Unnerve', 'Swarm']",47,319,190,50,1000000,0.1,50,57,50,65,bug,electric,0.6,5,0,3,Other,bug electric
595,Galvantula,"['Compoundeyes', 'Unnerve', 'Swarm']",77,472,75,60,1000000,0.8,70,97,60,108,bug,electric,14.3,5,0,3,Other,bug electric
596,Ferroseed,['Iron Barbs'],50,305,255,91,1000000,0.6,44,24,86,10,grass,steel,18.8,5,0,1,Other,grass steel
597,Ferrothorn,"['Iron Barbs', 'Anticipation']",94,489,90,131,1000000,1.0,74,54,116,20,grass,steel,110.0,5,0,2,Other,grass steel
598,Klink,"['Plus', 'Minus', 'Clear Body']",55,300,130,70,1059860,0.3,40,45,60,30,steel,None,21.0,5,0,3,None,steel
599,Klang,"['Plus', 'Minus', 'Clear Body']",80,440,60,95,1059860,0.6,60,70,85,50,steel,None,51.0,5,0,3,None,steel
600,Klinklang,"['Plus', 'Minus', 'Clear Body']",100,520,30,115,1059860,0.6,60,70,85,90,steel,None,81.0,5,0,3,None,steel
601,Tynamo,['Levitate'],55,275,190,40,1250000,0.2,35,45,40,60,electric,None,0.3,5,0,1,None,electric
602,Eelektrik,['Levitate'],85,405,60,70,1250000,1.2,65,75,70,40,electric,None,22.0,5,0,1,None,electric
603,Eelektross,['Levitate'],115,515,30,80,1250000,2.1,85,105,80,50,electric,None,80.5,5,0,1,None,electric
604,Elgyem,"['Telepathy', 'Synchronize', 'Analytic']",55,335,255,55,1000000,0.5,55,85,55,30,psychic,None,9.0,5,0,3,None,psychic
605,Beheeyem,"['Telepathy', 'Synchronize', 'Analytic']",75,485,90,75,1000000,1.0,75,125,95,40,psychic,None,34.5,5,0,3,None,psychic
606,Litwick,"['Flash Fire', 'Flame Body', 'Infiltrator']",30,275,190,55,1059860,0.3,50,65,55,20,ghost,fire,3.1,5,0,3,Other,ghost fire
607,Lampent,"['Flash Fire', 'Flame Body', 'Infiltrator']",40,370,90,60,1059860,0.6,60,95,60,55,ghost,fire,13.0,5,0,3,Other,ghost fire
608,Chandelure,"['Flash Fire', 'Flame Body', 'Infiltrator']",55,520,45,90,1059860,1.0,60,145,90,80,ghost,fire,34.3,5,0,3,Other,ghost fire
609,Axew,"['Rivalry', 'Mold Breaker', 'Unnerve']",87,320,75,60,1250000,0.6,46,30,40,57,dragon,None,18.0,5,0,3,None,dragon
610,Fraxure,"['Rivalry', 'Mold Breaker', 'Unnerve']",117,410,60,70,1250000,1.0,66,40,50,67,dragon,None,36.0,5,0,3,None,dragon
611,Haxorus,"['Rivalry', 'Mold Breaker', 'Unnerve']",147,540,45,90,1250000,1.8,76,60,70,97,dragon,None,105.5,5,0,3,None,dragon
612,Cubchoo,"['Snow Cloak', 'Slush Rush', 'Rattled']",70,305,120,40,1000000,0.5,55,60,40,40,ice,None,8.5,5,0,3,None,ice
613,Beartic,"['Snow Cloak', 'Slush Rush', 'Swift Swim']",130,505,60,80,1000000,2.6,95,70,80,50,ice,None,260.0,5,0,3,None,ice
614,Cryogonal,['Levitate'],50,515,25,50,1000000,1.1,80,95,135,105,ice,None,148.0,5,0,1,None,ice
615,Shelmet,"['Hydration', 'Shell Armor', 'Overcoat']",40,305,200,85,1000000,0.4,50,40,65,25,bug,None,7.7,5,0,3,None,bug
616,Accelgor,"['Hydration', 'Sticky Hold', 'Unburden']",70,495,75,40,1000000,0.8,80,100,60,145,bug,None,25.3,5,0,3,None,bug
617,Stunfisk,"['Static', 'Limber', 'Sand Veil']",66,471,75,84,1000000,0.7,109,81,99,32,ground,electric,11.0,5,0,3,Other,ground electric
618,Mienfoo,"['Inner Focus', 'Regenerator', 'Reckless']",85,350,180,50,1059860,0.9,45,55,50,65,fighting,None,20.0,5,0,3,None,fighting
619,Mienshao,"['Inner Focus', 'Regenerator', 'Reckless']",125,510,45,60,1059860,1.4,65,95,60,105,fighting,None,35.5,5,0,3,None,fighting
620,Druddigon,"['Rough Skin', 'Sheer Force', 'Mold Breaker']",120,485,45,90,1000000,1.6,77,60,90,48,dragon,None,139.0,5,0,3,None,dragon
621,Golett,"['Iron Fist', 'Klutz', 'No Guard']",74,303,190,50,1000000,1.0,59,35,50,35,ground,ghost,92.0,5,0,3,Other,ground ghost
622,Golurk,"['Iron Fist', 'Klutz', 'No Guard']",124,483,90,80,1000000,2.8,89,55,80,55,ground,ghost,330.0,5,0,3,Other,ground ghost
623,Pawniard,"['Defiant', 'Inner Focus', 'Pressure']",85,340,120,70,1000000,0.5,45,40,40,60,dark,steel,10.2,5,0,3,Other,dark steel
624,Bisharp,"['Defiant', 'Inner Focus', 'Pressure']",125,490,45,100,1000000,1.6,65,60,70,70,dark,steel,70.0,5,0,3,Other,dark steel
625,Bouffalant,"['Reckless', 'Sap Sipper', 'Soundproof']",110,490,45,95,1000000,1.6,95,40,95,55,normal,None,94.6,5,0,3,None,normal
626,Rufflet,"['Keen Eye', 'Sheer Force', 'Hustle']",83,350,190,50,1250000,0.5,70,37,50,60,normal,flying,10.5,5,0,3,Other,normal flying
627,Braviary,"['Keen Eye', 'Sheer Force', 'Defiant']",123,510,60,75,1250000,1.5,100,57,75,80,normal,flying,41.0,5,0,3,Other,normal flying
628,Vullaby,"['Big Pecks', 'Overcoat', 'Weak Armor']",55,370,190,75,1250000,0.5,70,45,65,60,dark,flying,9.0,5,0,3,Other,dark flying
629,Mandibuzz,"['Big Pecks', 'Overcoat', 'Weak Armor']",65,510,60,105,1250000,1.2,110,55,95,80,dark,flying,39.5,5,0,3,Other,dark flying
630,Heatmor,"['Gluttony', 'Flash Fire', 'White Smoke']",97,484,90,66,1000000,1.4,85,105,66,65,fire,None,58.0,5,0,3,None,fire
631,Durant,"['Swarm', 'Hustle', 'Truant']",109,484,90,112,1000000,0.3,58,48,48,109,bug,steel,33.0,5,0,3,Other,bug steel
632,Deino,['Hustle'],65,300,45,50,1250000,0.8,52,45,50,38,dark,dragon,17.3,5,0,1,Other,dark dragon
633,Zweilous,['Hustle'],85,420,45,70,1250000,1.4,72,65,70,58,dark,dragon,50.0,5,0,1,Other,dark dragon
634,Hydreigon,['Levitate'],105,600,45,90,1250000,1.8,92,125,90,98,dark,dragon,160.0,5,0,1,Other,dark dragon
635,Larvesta,"['Flame Body', 'Swarm']",85,360,45,55,1250000,1.1,55,50,55,60,bug,fire,28.8,5,0,2,Other,bug fire
636,Volcarona,"['Flame Body', 'Swarm']",60,550,15,65,1250000,1.6,85,135,105,100,bug,fire,46.0,5,0,2,Other,bug fire
637,Cobalion,['Justified'],90,580,3,129,1250000,2.1,91,90,72,108,steel,fighting,250.0,5,1,1,Other,steel fighting
638,Terrakion,['Justified'],129,580,3,90,1250000,1.9,91,72,90,108,rock,fighting,260.0,5,1,1,Other,rock fighting
639,Virizion,['Justified'],90,580,3,72,1250000,2.0,91,90,129,108,grass,fighting,200.0,5,1,1,Other,grass fighting
640,Tornadus,"['Prankster', 'Defiant', 'Regenerator']",100,580,3,80,1250000,1.5,79,110,90,121,flying,None,63.0,5,1,3,None,flying
641,Thundurus,"['Prankster', 'Defiant', 'Volt Absorb']",105,580,3,70,1250000,1.5,79,145,80,101,electric,flying,61.0,5,1,3,Other,electric flying
642,Reshiram,['Turboblaze'],120,680,3,100,1250000,3.2,100,150,120,90,dragon,fire,330.0,5,1,1,Other,dragon fire
643,Zekrom,['Teravolt'],150,680,3,120,1250000,2.9,100,120,100,90,dragon,electric,345.0,5,1,1,Other,dragon electric
644,Landorus,"['Sand Force', 'Sheer Force', 'Intimidate']",145,600,3,90,1250000,1.5,89,105,80,91,ground,flying,68.0,5,1,3,Other,ground flying
645,Kyurem,"['Pressure', 'Teravolt', 'Turboblaze']",120,700,3,90,1250000,3.0,125,170,100,95,dragon,ice,325.0,5,1,3,Other,dragon ice
646,Keldeo,['Justified'],72,580,3,90,1250000,1.4,91,129,90,108,water,fighting,48.5,5,1,1,Other,water fighting
647,Meloetta,['Serene Grace'],128,600,3,90,1250000,0.6,100,77,77,128,normal,psychic,6.5,5,1,1,Other,normal psychic
648,Genesect,['Download'],120,600,3,95,1250000,1.5,71,120,95,99,bug,steel,82.5,5,1,1,Other,bug steel
649,Chespin,"['Overgrow', 'Bulletproof']",61,313,45,65,1059860,0.4,56,48,45,38,grass,None,9.0,6,0,2,None,grass
650,Quilladin,"['Overgrow', 'Bulletproof']",78,405,45,95,1059860,0.7,61,56,58,57,grass,None,29.0,6,0,2,None,grass
651,Chesnaught,"['Overgrow', 'Bulletproof']",107,530,45,122,1059860,1.6,88,74,75,64,grass,fighting,90.0,6,0,2,Other,grass fighting
652,Fennekin,"['Blaze', 'Magician']",45,307,45,40,1059860,0.4,40,62,60,60,fire,None,9.4,6,0,2,None,fire
653,Braixen,"['Blaze', 'Magician']",59,409,45,58,1059860,1.0,59,90,70,73,fire,None,14.5,6,0,2,None,fire
654,Delphox,"['Blaze', 'Magician']",69,534,45,72,1059860,1.5,75,114,100,104,fire,psychic,39.0,6,0,2,Other,fire psychic
655,Froakie,"['Torrent', 'Protean']",56,314,45,40,1059860,0.3,41,62,44,71,water,None,7.0,6,0,2,None,water
656,Frogadier,"['Torrent', 'Protean']",63,405,45,52,1059860,0.6,54,83,56,97,water,None,10.9,6,0,2,None,water
657,Greninja,"['Torrent', 'Protean', 'Battle Bond']",145,640,45,67,1059860,1.5,72,153,71,132,water,dark,40.0,6,0,3,Other,water dark
658,Bunnelby,"['Pickup', 'Cheek Pouch', 'Huge Power']",36,237,255,38,1000000,0.4,38,32,36,57,normal,None,5.0,6,0,3,None,normal
659,Diggersby,"['Pickup', 'Cheek Pouch', 'Huge Power']",56,423,127,77,1000000,1.0,85,50,77,78,normal,ground,42.4,6,0,3,Other,normal ground
660,Fletchling,"['Big Pecks', 'Gale Wings']",50,278,255,43,1059860,0.3,45,40,38,62,normal,flying,1.7,6,0,2,Other,normal flying
661,Fletchinder,"['Flame Body', 'Gale Wings']",73,382,120,55,1059860,0.7,62,56,52,84,fire,flying,16.0,6,0,2,Other,fire flying
662,Talonflame,"['Flame Body', 'Gale Wings']",81,499,45,71,1059860,1.2,78,74,69,126,fire,flying,24.5,6,0,2,Other,fire flying
663,Scatterbug,"['Shield Dust', 'Compoundeyes', 'Friend Guard']",35,200,255,40,1000000,0.3,38,27,25,35,bug,None,2.5,6,0,3,None,bug
664,Spewpa,"['Shed Skin', 'Friend Guard']",22,213,120,60,1000000,0.3,45,27,30,29,bug,None,8.4,6,0,2,None,bug
665,Vivillon,"['Shield Dust', 'Compoundeyes', 'Friend Guard']",52,411,45,50,1000000,1.2,80,90,50,89,bug,flying,17.0,6,0,3,Other,bug flying
666,Litleo,"['Rivalry', 'Unnerve', 'Moxie']",50,369,220,58,1059860,0.6,62,73,54,72,fire,normal,13.5,6,0,3,Other,fire normal
667,Pyroar,"['Rivalry', 'Unnerve', 'Moxie']",68,507,65,72,1059860,1.5,86,109,66,106,fire,normal,81.5,6,0,3,Other,fire normal
668,Flabébé,"['Flower Veil', 'Symbiosis']",38,303,225,39,1000000,0.1,44,61,79,42,fairy,None,0.1,6,0,2,None,fairy
669,Floette,"['Flower Veil', 'Symbiosis']",65,551,120,67,1000000,0.2,74,125,128,92,fairy,None,0.9,6,0,2,None,fairy
670,Florges,"['Flower Veil', 'Symbiosis']",65,552,45,68,1000000,1.1,78,112,154,75,fairy,None,10.0,6,0,2,None,fairy
671,Skiddo,"['Sap Sipper', 'Grass Pelt']",65,350,200,48,1000000,0.9,66,62,57,52,grass,None,31.0,6,0,2,None,grass
672,Gogoat,"['Sap Sipper', 'Grass Pelt']",100,531,45,62,1000000,1.7,123,97,81,68,grass,None,91.0,6,0,2,None,grass
673,Pancham,"['Iron Fist', 'Mold Breaker', 'Scrappy']",82,348,220,62,1000000,0.6,67,46,48,43,fighting,None,8.0,6,0,3,None,fighting
674,Pangoro,"['Iron Fist', 'Mold Breaker', 'Scrappy']",124,495,65,78,1000000,2.1,95,69,71,58,fighting,dark,136.0,6,0,3,Other,fighting dark
675,Furfrou,['Fur Coat'],80,472,160,60,1000000,1.2,75,65,90,102,normal,None,28.0,6,0,1,None,normal
676,Espurr,"['Keen Eye', 'Infiltrator', 'Own Tempo']",48,355,190,54,1000000,0.3,62,63,60,68,psychic,None,3.5,6,0,3,None,psychic
677,Meowstic,"['Keen Eye', 'Infiltrator', 'Prankster', 'Competitive']",48,466,75,76,1000000,0.6,74,83,81,104,psychic,None,8.5,6,0,4,None,psychic
678,Honedge,['No Guard'],80,325,180,100,1000000,0.8,45,35,37,28,steel,ghost,2.0,6,0,1,Other,steel ghost
679,Doublade,['No Guard'],110,448,90,150,1000000,0.8,59,45,49,35,steel,ghost,4.5,6,0,1,Other,steel ghost
680,Aegislash,['Stance Change'],150,520,45,50,1000000,1.7,60,150,50,60,steel,ghost,53.0,6,0,1,Other,steel ghost
681,Spritzee,"['Healer', 'Aroma Veil']",52,341,200,60,1000000,0.2,78,63,65,23,fairy,None,0.5,6,0,2,None,fairy
682,Aromatisse,"['Healer', 'Aroma Veil']",72,462,140,72,1000000,0.8,101,99,89,29,fairy,None,15.5,6,0,2,None,fairy
683,Swirlix,"['Sweet Veil', 'Unburden']",48,341,200,66,1000000,0.4,62,59,57,49,fairy,None,3.5,6,0,2,None,fairy
684,Slurpuff,"['Sweet Veil', 'Unburden']",80,480,140,86,1000000,0.8,82,85,75,72,fairy,None,5.0,6,0,2,None,fairy
685,Inkay,"['Contrary', 'Suction Cups', 'Infiltrator']",54,288,190,53,1000000,0.4,53,37,46,45,dark,psychic,3.5,6,0,3,Other,dark psychic
686,Malamar,"['Contrary', 'Suction Cups', 'Infiltrator']",92,482,80,88,1000000,1.5,86,68,75,73,dark,psychic,47.0,6,0,3,Other,dark psychic
687,Binacle,"['Tough Claws', 'Sniper', 'Pickpocket']",52,306,120,67,1000000,0.5,42,39,56,50,rock,water,31.0,6,0,3,Other,rock water
688,Barbaracle,"['Tough Claws', 'Sniper', 'Pickpocket']",105,500,45,115,1000000,1.3,72,54,86,68,rock,water,96.0,6,0,3,Other,rock water
689,Skrelp,"['Poison Point', 'Poison Touch', 'Adaptability']",60,320,225,60,1000000,0.5,50,60,60,30,poison,water,7.3,6,0,3,Other,poison water
690,Dragalge,"['Poison Point', 'Poison Touch', 'Adaptability']",75,494,55,90,1000000,1.8,65,97,123,44,poison,dragon,81.5,6,0,3,Other,poison dragon
691,Clauncher,['Mega Launcher'],53,330,225,62,1250000,0.5,50,58,63,44,water,None,8.3,6,0,1,None,water
692,Clawitzer,['Mega Launcher'],73,500,55,88,1250000,1.3,71,120,89,59,water,None,35.3,6,0,1,None,water
693,Helioptile,"['Dry Skin', 'Sand Veil', 'Solar Power']",38,289,190,33,1000000,0.5,44,61,43,70,electric,normal,6.0,6,0,3,Other,electric normal
694,Heliolisk,"['Dry Skin', 'Sand Veil', 'Solar Power']",55,481,75,52,1000000,1.0,62,109,94,109,electric,normal,21.0,6,0,3,Other,electric normal
695,Tyrunt,"['Strong Jaw', 'Sturdy']",89,362,45,77,1000000,0.8,58,45,45,48,rock,dragon,26.0,6,0,2,Other,rock dragon
696,Tyrantrum,"['Strong Jaw', 'Rock Head']",121,521,45,119,1000000,2.5,82,69,59,71,rock,dragon,270.0,6,0,2,Other,rock dragon
697,Amaura,"['Refrigerate', 'Snow Warning']",59,362,45,50,1000000,1.3,77,67,63,46,rock,ice,25.2,6,0,2,Other,rock ice
698,Aurorus,"['Refrigerate', 'Snow Warning']",77,521,45,72,1000000,2.7,123,99,92,58,rock,ice,225.0,6,0,2,Other,rock ice
699,Sylveon,"['Cute Charm', 'Pixilate']",65,525,45,65,1000000,1.0,95,110,130,60,fairy,None,23.5,6,0,2,None,fairy
700,Hawlucha,"['Limber', 'Unburden', 'Mold Breaker']",92,500,100,75,1000000,0.8,78,74,63,118,fighting,flying,21.5,6,0,3,Other,fighting flying
701,Dedenne,"['Cheek Pouch', 'Pickup', 'Plus']",58,431,180,57,1000000,0.2,67,81,67,101,electric,fairy,2.2,6,0,3,Other,electric fairy
702,Carbink,"['Clear Body', 'Sturdy']",50,500,60,150,1250000,0.3,50,50,150,50,rock,fairy,5.7,6,0,2,Other,rock fairy
703,Goomy,"['Sap Sipper', 'Hydration', 'Gooey']",50,300,45,35,1250000,0.3,45,55,75,40,dragon,None,2.8,6,0,3,None,dragon
704,Sliggoo,"['Sap Sipper', 'Hydration', 'Gooey']",75,452,45,53,1250000,0.8,68,83,113,60,dragon,None,17.5,6,0,3,None,dragon
705,Goodra,"['Sap Sipper', 'Hydration', 'Gooey']",100,600,45,70,1250000,2.0,90,110,150,80,dragon,None,150.5,6,0,3,None,dragon
706,Klefki,"['Prankster', 'Magician']",80,470,75,91,800000,0.2,57,80,87,75,steel,fairy,3.0,6,0,2,Other,steel fairy
707,Phantump,"['Natural Cure', 'Frisk', 'Harvest']",70,309,120,48,1000000,0.4,43,50,60,38,ghost,grass,7.0,6,0,3,Other,ghost grass
708,Trevenant,"['Natural Cure', 'Frisk', 'Harvest']",110,474,60,76,1000000,1.5,85,65,82,56,ghost,grass,71.0,6,0,3,Other,ghost grass
709,Pumpkaboo,"['Pickup', 'Frisk', 'Insomnia']",66,335,120,70,1000000,0.8,59,44,55,41,ghost,grass,15.0,6,0,3,Other,ghost grass
710,Gourgeist,"['Pickup', 'Frisk', 'Insomnia']",100,494,60,122,1000000,1.7,85,58,75,54,ghost,grass,39.0,6,0,3,Other,ghost grass
711,Bergmite,"['Own Tempo', 'Ice Body', 'Sturdy']",69,304,190,85,1000000,1.0,55,32,35,28,ice,None,99.5,6,0,3,None,ice
712,Avalugg,"['Own Tempo', 'Ice Body', 'Sturdy']",117,514,55,184,1000000,2.0,95,44,46,28,ice,None,505.0,6,0,3,None,ice
713,Noibat,"['Frisk', 'Infiltrator', 'Telepathy']",30,245,190,35,1000000,0.5,40,45,40,55,flying,dragon,8.0,6,0,3,Other,flying dragon
714,Noivern,"['Frisk', 'Infiltrator', 'Telepathy']",70,535,45,80,1000000,1.5,85,97,80,123,flying,dragon,85.0,6,0,3,Other,flying dragon
715,Xerneas,['Fairy Aura'],131,680,45,95,1250000,3.0,126,131,98,99,fairy,None,215.0,6,1,1,None,fairy
716,Yveltal,['Dark Aura'],131,680,45,95,1250000,5.8,126,131,98,99,dark,flying,203.0,6,1,1,Other,dark flying
717,Zygarde,"['Aura Break', 'Power Construct']",100,708,3,121,1250000,5.0,216,91,95,85,dragon,ground,284.6,6,1,2,Other,dragon ground
718,Diancie,['Clear Body'],160,700,3,110,1250000,0.7,50,160,110,110,rock,fairy,8.8,6,1,1,Other,rock fairy
719,Hoopa,['Magician'],160,680,3,60,1250000,1.1638924455825865,80,170,130,80,psychic,ghost,61.378104993597944,6,1,1,Other,psychic ghost
720,Volcanion,['Water Absorb'],110,600,3,120,1250000,1.7,80,130,90,70,fire,water,195.0,6,1,1,Other,fire water
721,Rowlet,"['Overgrow', 'Long Reach']",55,320,45,55,1059860,0.3,68,50,50,42,grass,flying,1.5,7,0,2,Other,grass flying
722,Dartrix,"['Overgrow', 'Long Reach']",75,420,45,75,1059860,0.7,78,70,70,52,grass,flying,16.0,7,0,2,Other,grass flying
723,Decidueye,"['Overgrow', 'Long Reach']",107,530,45,75,1059860,1.6,78,100,100,70,grass,ghost,36.6,7,0,2,Other,grass ghost
724,Litten,"['Blaze', 'Intimidate']",65,320,45,40,1059860,0.4,45,60,40,70,fire,None,4.3,7,0,2,None,fire
725,Torracat,"['Blaze', 'Intimidate']",85,420,45,50,1059860,0.7,65,80,50,90,fire,None,25.0,7,0,2,None,fire
726,Incineroar,"['Blaze', 'Intimidate']",115,530,45,90,1059860,1.8,95,80,90,60,fire,dark,83.0,7,0,2,Other,fire dark
727,Popplio,"['Torrent', 'Liquid Voice']",54,320,45,54,1059860,0.4,50,66,56,40,water,None,7.5,7,0,2,None,water
728,Brionne,"['Torrent', 'Liquid Voice']",69,420,45,69,1059860,0.6,60,91,81,50,water,None,17.5,7,0,2,None,water
729,Primarina,"['Torrent', 'Liquid Voice']",74,530,45,74,1059860,1.8,80,126,116,60,water,fairy,44.0,7,0,2,Other,water fairy
730,Pikipek,"['Keen Eye', 'Skill Link', 'Pickup']",75,265,255,30,1000000,0.3,35,30,30,65,normal,flying,1.2,7,0,3,Other,normal flying
731,Trumbeak,"['Keen Eye', 'Skill Link', 'Pickup']",85,355,120,50,1000000,0.6,55,40,50,75,normal,flying,14.8,7,0,3,Other,normal flying
732,Toucannon,"['Keen Eye', 'Skill Link', 'Sheer Force']",120,485,45,75,1000000,1.1,80,75,75,60,normal,flying,26.0,7,0,3,Other,normal flying
733,Yungoos,"['Stakeout', 'Strong Jaw', 'Adaptability']",70,253,255,30,1000000,0.4,48,30,30,45,normal,None,6.0,7,0,3,None,normal
734,Gumshoos,"['Stakeout', 'Strong Jaw', 'Adaptability']",110,418,127,60,1000000,0.7,88,55,60,45,normal,None,14.2,7,0,3,None,normal
735,Grubbin,['Swarm'],62,300,255,45,1000000,0.4,47,55,45,46,bug,None,4.4,7,0,1,None,bug
736,Charjabug,['Battery'],82,400,120,95,1000000,0.5,57,55,75,36,bug,electric,10.5,7,0,1,Other,bug electric
737,Vikavolt,['Levitate'],70,500,45,90,1000000,1.5,77,145,75,43,bug,electric,45.0,7,0,1,Other,bug electric
738,Crabrawler,"['Hyper Cutter', 'Iron Fist', 'Anger Point']",82,338,225,57,1000000,0.6,47,42,47,63,fighting,None,7.0,7,0,3,None,fighting
739,Crabominable,"['Hyper Cutter', 'Iron Fist', 'Anger Point']",132,478,60,77,1000000,1.7,97,62,67,43,fighting,ice,180.0,7,0,3,Other,fighting ice
740,Oricorio,['Dancer'],70,476,45,70,1000000,0.6,75,98,70,93,fire,flying,3.4,7,0,1,Other,fire flying
741,Cutiefly,"['Honey Gather', 'Shield Dust', 'Sweet Veil']",45,304,190,40,1000000,0.1,40,55,40,84,bug,fairy,0.2,7,0,3,Other,bug fairy
742,Ribombee,"['Honey Gather', 'Shield Dust', 'Sweet Veil']",55,464,75,60,1000000,0.2,60,95,70,124,bug,fairy,0.5,7,0,3,Other,bug fairy
743,Rockruff,"['Keen Eye', 'Vital Spirit', 'Steadfast']",65,280,190,40,1000000,0.5,45,30,40,60,rock,None,9.2,7,0,3,None,rock
744,Lycanroc,"['Keen Eye', 'Sand Rush', 'Steadfast', 'Keen Eye', 'Vital Spirit', 'No Guard']",115,487,90,75,1000000,1.1638924455825865,85,55,75,82,rock,None,61.378104993597944,7,0,6,None,rock
745,Wishiwashi,['Schooling'],140,620,60,130,800000,0.2,45,140,135,30,water,None,0.3,7,0,1,None,water
746,Mareanie,"['Merciless', 'Limber', 'Regenerator']",53,305,190,62,1000000,0.4,50,43,52,45,poison,water,8.0,7,0,3,Other,poison water
747,Toxapex,"['Merciless', 'Limber', 'Regenerator']",63,495,75,152,1000000,0.7,50,53,142,35,poison,water,14.5,7,0,3,Other,poison water
748,Mudbray,"['Own Tempo', 'Stamina', 'Inner Focus']",100,385,190,70,1000000,1.0,70,45,55,45,ground,None,110.0,7,0,3,None,ground
749,Mudsdale,"['Own Tempo', 'Stamina', 'Inner Focus']",125,500,60,100,1000000,2.5,100,55,85,35,ground,None,920.0,7,0,3,None,ground
750,Dewpider,"['Water Bubble', 'Water Absorb']",40,269,200,52,1000000,0.3,38,40,72,27,water,bug,4.0,7,0,2,Other,water bug
751,Araquanid,"['Water Bubble', 'Water Absorb']",70,454,100,92,1000000,1.8,68,50,132,42,water,bug,82.0,7,0,2,Other,water bug
752,Fomantis,"['Leaf Guard', 'Contrary']",55,250,190,35,1000000,0.3,40,50,35,35,grass,None,1.5,7,0,2,None,grass
753,Lurantis,"['Leaf Guard', 'Contrary']",105,480,75,90,1000000,0.9,70,80,90,45,grass,None,18.5,7,0,2,None,grass
754,Morelull,"['Illuminate', 'Effect Spore', 'Rain Dish']",35,285,190,55,1000000,0.2,40,65,75,15,grass,fairy,1.5,7,0,3,Other,grass fairy
755,Shiinotic,"['Illuminate', 'Effect Spore', 'Rain Dish']",45,405,75,80,1000000,1.0,60,90,100,30,grass,fairy,11.5,7,0,3,Other,grass fairy
756,Salandit,"['Corrosion', 'Oblivious']",44,320,120,40,1000000,0.6,48,71,40,77,poison,fire,4.8,7,0,2,Other,poison fire
757,Salazzle,"['Corrosion', 'Oblivious']",64,480,45,60,1000000,1.2,68,111,60,117,poison,fire,22.2,7,0,2,Other,poison fire
758,Stufful,"['Fluffy', 'Klutz', 'Cute Charm']",75,340,140,50,1000000,0.5,70,45,50,50,normal,fighting,6.8,7,0,3,Other,normal fighting
759,Bewear,"['Fluffy', 'Klutz', 'Unnerve']",125,500,70,80,1000000,2.1,120,55,60,60,normal,fighting,135.0,7,0,3,Other,normal fighting
760,Bounsweet,"['Leaf Guard', 'Oblivious', 'Sweet Veil']",30,210,235,38,1059860,0.3,42,30,38,32,grass,None,3.2,7,0,3,None,grass
761,Steenee,"['Leaf Guard', 'Oblivious', 'Sweet Veil']",40,290,120,48,1059860,0.7,52,40,48,62,grass,None,8.2,7,0,3,None,grass
762,Tsareena,"['Leaf Guard', 'Queenly Majesty', 'Sweet Veil']",120,510,45,98,1059860,1.2,72,50,98,72,grass,None,21.4,7,0,3,None,grass
763,Comfey,"['Flower Veil', 'Triage', 'Natural Cure']",52,485,60,90,800000,0.1,51,82,110,100,fairy,None,0.3,7,0,3,None,fairy
764,Oranguru,"['Inner Focus', 'Telepathy', 'Symbiosis']",60,490,45,80,1250000,1.5,90,90,110,60,normal,psychic,76.0,7,0,3,Other,normal psychic
765,Passimian,"['Receiver', 'Defiant']",120,490,45,90,1250000,2.0,100,40,60,80,fighting,None,82.8,7,0,2,None,fighting
766,Wimpod,['Wimp Out'],35,230,90,40,1000000,0.5,25,20,30,80,bug,water,12.0,7,0,1,Other,bug water
767,Golisopod,['Emergency Exit'],125,530,45,140,1000000,2.0,75,60,90,40,bug,water,108.0,7,0,1,Other,bug water
768,Sandygast,"['Water Compaction', 'Sand Veil']",55,320,140,80,1000000,0.5,55,70,45,15,ghost,ground,70.0,7,0,2,Other,ghost ground
769,Palossand,"['Water Compaction', 'Sand Veil']",75,480,60,110,1000000,1.3,85,100,75,35,ghost,ground,250.0,7,0,2,Other,ghost ground
770,Pyukumuku,"['Innards Out', 'Unaware']",60,410,60,130,800000,0.3,55,30,130,5,water,None,1.2,7,0,2,None,water
771,Type: Null,['Battle Armor'],95,534,3,95,1250000,1.9,95,95,95,59,normal,None,120.5,7,0,1,None,normal
772,Silvally,['RKS System'],95,570,3,95,1250000,2.3,95,95,95,95,normal,None,100.5,7,0,1,None,normal
773,Minior,['Shields Down'],100,500,30,60,1059860,0.3,60,100,60,120,rock,flying,40.0,7,0,1,Other,rock flying
774,Komala,['Comatose'],115,480,45,65,1250000,0.4,65,75,95,65,normal,None,19.9,7,0,1,None,normal
775,Turtonator,['Shell Armor'],78,485,70,135,1000000,2.0,60,91,85,36,fire,dragon,212.0,7,0,1,Other,fire dragon
776,Togedemaru,"['Iron Barbs', 'Lightningrod', 'Sturdy']",98,435,180,63,1000000,0.3,65,40,73,96,electric,steel,3.3,7,0,3,Other,electric steel
777,Mimikyu,['Disguise'],90,476,45,80,1000000,0.2,55,50,105,96,ghost,fairy,0.7,7,0,1,Other,ghost fairy
778,Bruxish,"['Dazzling', 'Strong Jaw', 'Wonder Skin ']",105,475,80,70,1000000,0.9,68,70,70,92,water,psychic,19.0,7,0,3,Other,water psychic
779,Drampa,"['Berserk', 'Sap Sipper', 'Cloud Nine']",60,485,70,85,1000000,3.0,78,135,91,36,normal,dragon,185.0,7,0,3,Other,normal dragon
780,Dhelmise,['Steelworker'],131,517,25,100,1000000,3.9,70,86,90,40,ghost,grass,210.0,7,0,1,Other,ghost grass
781,Jangmo-o,"['Bulletproof', 'Soundproof', 'Overcoat']",55,300,45,65,1250000,0.6,45,45,45,45,dragon,None,29.7,7,0,3,None,dragon
782,Hakamo-o,"['Bulletproof', 'Soundproof', 'Overcoat']",75,420,45,90,1250000,1.2,55,65,70,65,dragon,fighting,47.0,7,0,3,Other,dragon fighting
783,Kommo-o,"['Bulletproof', 'Soundproof', 'Overcoat']",110,600,45,125,1250000,1.6,75,100,105,85,dragon,fighting,78.2,7,0,3,Other,dragon fighting
784,Tapu Koko,"['Electric Surge', 'Telepathy']",115,570,3,85,1250000,1.8,70,95,75,130,electric,fairy,20.5,7,1,2,Other,electric fairy
785,Tapu Lele,"['Psychic Surge', 'Telepathy']",85,570,3,75,1250000,1.2,70,130,115,95,psychic,fairy,18.6,7,1,2,Other,psychic fairy
786,Tapu Bulu,"['Grassy Surge', 'Telepathy']",130,570,3,115,1250000,1.9,70,85,95,75,grass,fairy,45.5,7,1,2,Other,grass fairy
787,Tapu Fini,"['Misty Surge', 'Telepathy']",75,570,3,115,1250000,1.3,70,95,130,85,water,fairy,21.2,7,1,2,Other,water fairy
788,Cosmog,['Unaware'],29,200,45,31,1250000,0.2,43,29,31,37,psychic,None,0.1,7,1,1,None,psychic
789,Cosmoem,['Sturdy'],29,400,45,131,1250000,0.1,43,29,131,37,psychic,None,999.9,7,1,1,None,psychic
790,Solgaleo,['Full Metal Body'],137,680,45,107,1250000,3.4,137,113,89,97,psychic,steel,230.0,7,1,1,Other,psychic steel
791,Lunala,['Shadow Shield'],113,680,45,89,1250000,4.0,137,137,107,97,psychic,ghost,120.0,7,1,1,Other,psychic ghost
792,Nihilego,['Beast Boost'],53,570,45,47,1250000,1.2,109,127,131,103,rock,poison,55.5,7,1,1,Other,rock poison
793,Buzzwole,['Beast Boost'],139,570,25,139,1250000,2.4,107,53,53,79,bug,fighting,333.6,7,1,1,Other,bug fighting
794,Pheromosa,['Beast Boost'],137,570,255,37,1250000,1.8,71,137,37,151,bug,fighting,25.0,7,1,1,Other,bug fighting
795,Xurkitree,['Beast Boost'],89,570,30,71,1250000,3.8,83,173,71,83,electric,None,100.0,7,1,1,None,electric
796,Celesteela,['Beast Boost'],101,570,25,103,1250000,9.2,97,107,101,61,steel,flying,999.9,7,1,1,Other,steel flying
797,Kartana,['Beast Boost'],181,570,255,131,1250000,0.3,59,59,31,109,grass,steel,0.1,7,1,1,Other,grass steel
798,Guzzlord,['Beast Boost'],101,570,15,53,1250000,5.5,223,97,53,43,dark,dragon,888.0,7,1,1,Other,dark dragon
799,Necrozma,['Prism Armor'],107,600,3,101,1250000,2.4,97,127,89,79,psychic,None,230.0,7,1,1,None,psychic
800,Magearna,['Soul-Heart'],95,600,3,115,1250000,1.0,80,130,115,65,steel,fairy,80.5,7,1,1,Other,steel fairy
